question_index,question,intent
1,"Trong mô hình nhà thông minh, IoT chủ yếu đóng vai trò gì?",tra_cuu
2,"Năm 2010, công nghệ nào thường được sử dụng trong kiểm soát ra vào ngôi nhà thông minh?",tra_cuu
3,Bộ cảm biến trong nhà thông minh thực hiện chức năng gì và bộ truyền động có vai trò gì?,tra_cuu
4,Nội dung chính của bài báo nghiên cứu Public_001 về IoT trong xây dựng nhà thông minh là gì?,tra_cuu
5,"Dựa vào thông tin trong tài liệu Public_001, hãy tính số bài báo trung bình mỗi lớp trong nghiên cứu được đề cập.",tinh_toan
6,"Dựa trên tài liệu Public_002, mô tả học phần Cơ sở dữ liệu nâng cao, hãy liệt kê các loại CSDL không được đề cập trong nội dung học phần này.",tra_cuu
7,Nhóm môn học trong tài liệu Public_002 tập trung cung cấp cho sinh viên kiến thức tổng quan về lĩnh vực nào?,tra_cuu
8,"Trong tài liệu Public_002, đối với đoạn liệt kê các học phần từ số 47 đến 81, nếu các học phần này được trải đều trên 7 trang, trung bình mỗi trang mô tả bao nhiêu học phần?",tinh_toan
9,Điểm BLEU được dùng để đánh giá chất lượng bản dịch trong tài liệu Public_003 là gì?,tra_cuu
10,Công cụ nào được nhóm tác giả của tài liệu Public_003 sử dụng để huấn luyện các hệ dịch nơ ron?,tra_cuu
11,Điểm BLEU và công cụ huấn luyện hệ dịch nơ ron trong nghiên cứu này là gì?,tra_cuu
12,Nội dung chính của tài liệu Public_003 là gì?,tra_cuu
13,"Theo kết quả thử nghiệm, hệ dịch Adapt_System cải thiện bao nhiêu điểm BLEU so với Baseline_G trong miền pháp lý?",tra_cuu
14,Công nghệ in bê tông 3D được thực hiện theo quy trình nào?,tra_cuu
15,Công nghệ nào được phát triển tại Đại học Loughborough (Anh)?,tra_cuu
16,"Công nghệ in bê tông 3D nào vừa cho phép kiểm soát tốt cấu trúc sản phẩm, vừa sử dụng bê tông cốt liệu sợi tổng hợp cường độ cao?",tra_cuu
17,Nội dung chính của bài báo Public_004 là gì?,tra_cuu
18,"Trong tài liệu, ưu điểm của công nghệ Contour Crafting so với Concrete Printing là gì?",tra_cuu
19,OCR là viết tắt của gì trong bài báo này?,tra_cuu
20,"Giải pháp thử nghiệm tại Học viện Ngân hàng được lựa chọn là gì, theo tài liệu Public_005?",tra_cuu
21,"Công nghệ nào vừa cho phép máy tính tự động nhận biết ký tự trên hình ảnh, vừa có khả năng đọc hiểu dữ liệu chữ viết tay và chữ in?",tra_cuu
22,Nội dung chính của bài báo là gì?,tra_cuu
23,"Theo tài liệu Public_005, tỷ lệ sai số theo đơn vị từ của FPT.AI Reader trong thử nghiệm là bao nhiêu?",tra_cuu
24,"Theo tài liệu Public_006, các nhiệm vụ và quyền hạn của các thiết chế quản trị đại học ở Việt Nam được quy định trong luật nào?",tra_cuu
25,"Theo tài liệu Public_006, cơ quan nào có thẩm quyền cao nhất trong trường đại học?",tra_cuu
26,"Làm thế nào để ứng dụng công nghệ số trong quản trị đại học có thể bao quát toàn bộ hoạt động của nhà trường kịp thời và hỗ trợ ra quyết sách quản lý, điều hành hiệu quả?",tra_cuu
27,Nội dung chính của bài báo Public_006 là gì?,tra_cuu
28,"Theo số liệu trong tài liệu, đến nay ngành giáo dục đã số hóa dữ liệu của khoảng bao nhiêu giáo viên và học sinh?",tra_cuu
29,ISO 15189:2022 áp dụng cho đối tượng nào?,tra_cuu
30,"Theo tiêu chuẩn trong tài liệu Public_007, “khiếu nại” được định nghĩa như thế nào?",tra_cuu
31,"Trong các tiêu chuẩn ISO/IEC liên quan đến đo lường và đánh giá sự phù hợp, tiêu chuẩn nào cung cấp từ vựng quốc tế về đo lường và định nghĩa thuật ngữ độ chệch?",tra_cuu
32,Nội dung chính của tiêu chuẩn ISO 15189:2022 là gì?,tra_cuu
33,"Theo Public_007, “khoảng tham chiếu sinh học” thường được định nghĩa ở mức bao nhiêu phần trăm giá trị tập trung?",tra_cuu
34,Giám đốc phòng xét nghiệm theo ISO 15189:2022 có thể ủy quyền nhiệm vụ cho ai?,tra_cuu
35,ISO 15189:2022 yêu cầu thiết lập và theo dõi những chỉ số chất lượng nào?,tra_cuu
36,"Theo tài liệu Public_008, các yêu cầu đúng khi lựa chọn, vận hành và bảo dưỡng thiết bị phòng xét nghiệm là gì?",tra_cuu
37,Nội dung chính của phần tiêu chuẩn trong tài liệu là gì?,tra_cuu
38,"Nếu phòng xét nghiệm có 500 mẫu xét nghiệm trong tháng, trong đó có 25 mẫu bị từ chối, tỷ lệ từ chối mẫu là bao nhiêu?",tinh_toan
39,Học phần Những nguyên lý cơ bản của Chủ nghĩa Mác – Lênin thuộc khối kiến thức nào?,tra_cuu
40,Học phần Nhập môn ngành CNTT trang bị cho sinh viên những kỹ năng nào ngoài kiến thức chuyên ngành?,tra_cuu
41,"Học phần nào vừa giúp sinh viên năm nhất làm quen với môi trường đại học và kiến thức cơ bản ngành CNTT, vừa rèn luyện các kỹ năng mềm và chuẩn mực đạo đức cần thiết để trở thành kỹ sư công nghệ thông tin?",tra_cuu
42,Nội dung chính của tài liệu Public_009 là gì?,tra_cuu
43,"Theo quy định tại tài liệu Public_009, nếu một học phần có cấu trúc 3(2:1:6) thì số tiết lý thuyết, thực hành và tự học lần lượt là bao nhiêu?",tra_cuu
44,"Theo tiêu chuẩn ISO 15189:2022, việc lưu giữ hồ sơ phòng xét nghiệm nhằm mục đích chính nào?",tra_cuu
45,"Khi xảy ra sự không phù hợp, hành động đầu tiên mà phòng xét nghiệm phải thực hiện theo ISO 15189:2022 là gì?",tra_cuu
46,"Theo hướng dẫn về kiểm soát hồ sơ, phòng xét nghiệm phải đảm bảo điều gì khi sửa đổi hồ sơ?",tra_cuu
47,Nội dung chính của phần 8 trong tiêu chuẩn ISO 15189:2022 là gì?,tra_cuu
48,Mạng GAN (Global Area Network) là gì?,tra_cuu
49,Thành phần nào có chức năng giao tiếp giữa máy tính và đường truyền trong mạng máy tính?,tra_cuu
50,Mạng máy tính được phân loại theo những tiêu chí nào và Internet ban đầu ra đời từ mục đích gì?,tra_cuu
51,Nội dung chính của tài liệu Public_011 là gì?,tra_cuu
52,"Với một mạng kết nối 200 máy tính và có bán kính hoạt động 500m trong một tòa nhà, phân loại mạng chính xác nhất của nó là gì?",tra_cuu
53,Hệ điều hành có nhiệm vụ gì?,tra_cuu
54,"Theo tài liệu, ký hiệu đại diện * trong tên tệp có ý nghĩa gì?",tra_cuu
55,Hệ điều hành có những nhiệm vụ chính nào và phiên bản Windows nào cho phép đặt tên tệp dài tới 255 ký tự?,tra_cuu
56,Nội dung chính của tài liệu là gì?,tra_cuu
57,"Nếu Windows XP quản lý cho phép đặt tên tập tin dài tối đa 255 ký tự, còn MS-DOS chỉ cho phép tối đa 8 ký tự, thì Windows XP dài hơn bao nhiêu ký tự?",tinh_toan
58,Thế hệ máy tính điện tử nào sử dụng bóng đèn điện tử chân không?,tra_cuu
59,Thuật ngữ “Tin học” (Informatics) lần đầu tiên được đề xuất bởi ai?,tra_cuu
60,Thông tin khác dữ liệu ở điểm nào và quá trình xử lý thông tin theo máy tính gồm những bước nào?,tinh_toan
61,Nội dung chính của tài liệu là gì?,tra_cuu
62,"Nếu một máy tính thế hệ 2 có tốc độ trung bình 50.000 phép tính/giây, thì nó nhanh gấp bao nhiêu lần so với máy thế hệ 1 tốc độ trung bình 1.000 phép tính/giây?",tinh_toan
63,Bit là viết tắt của từ gì?,tra_cuu
64,"Trong hệ đếm thập lục phân, ký tự “F” biểu diễn giá trị thập phân nào?",tra_cuu
65,"Trong máy tính, mọi dữ liệu được biểu diễn dưới dạng gì và đơn vị thông tin nhỏ nhất là gì?",tra_cuu
66,Nội dung chính của tài liệu là gì?,tra_cuu
67,"Nếu dùng 8 bit để biểu diễn số nguyên không dấu, giá trị lớn nhất có thể biểu diễn là bao nhiêu?",tinh_toan
68,Khối nào trong CPU có nhiệm vụ thực hiện các phép tính số học và logic?,tra_cuu
69,Bộ nhớ nào lưu trữ chương trình hệ thống và không bị mất dữ liệu khi tắt máy?,tra_cuu
70,CPU gồm những bộ phận chính nào và bộ nhớ chính của máy tính được chia thành những loại nào?,tinh_toan
71,Nội dung chính của tài liệu là gì?,tra_cuu
72,"Nếu một CPU có 36 bit địa chỉ, dung lượng tối đa của bộ nhớ chính mà nó quản lý được là bao nhiêu?",tinh_toan
73,Tiêu chuẩn TCVN 9395:2012 áp dụng cho loại cọc nào?,tra_cuu
74,Dung dịch khoan bentonite có vai trò chính gì trong thi công cọc khoan nhồi?,tra_cuu
75,"Theo TCVN 9395:2012, tiêu chuẩn này áp dụng cho loại cọc nào và từ đường kính bao nhiêu trở lên?",tra_cuu
76,Nội dung chính của tiêu chuẩn TCVN 9395:2012 là gì?,tra_cuu
77,"Nếu trong quá trình khoan, cao độ dung dịch khoan phải luôn cao hơn mực nước ngầm ít nhất 1,5 m, giả sử mực nước ngầm ở -10 m thì cao độ dung dịch khoan tối thiểu phải đạt bao nhiêu?",tinh_toan
78,"Theo TCVN 5574:2018, tính toán kết cấu bê tông và bê tông cốt thép cần được thực hiện dựa trên những trạng thái giới hạn nào?",tra_cuu
79,Các loại bê tông nào được phép sử dụng khi thiết kế kết cấu theo TCVN 5574:2018?,tra_cuu
80,"Theo TCVN 9379:2012, tính toán kết cấu bê tông và bê tông cốt thép cần được thực hiện theo những trạng thái giới hạn nào và phải đảm bảo điều gì trong suốt thời hạn sử dụng công trình?",tra_cuu
81,Nội dung chính của tiêu chuẩn TCVN 5574:2018 là gì?,tra_cuu
82,"Nếu một dầm bê tông cốt thép có nhịp 6 m, theo TCVN 5574:2018 độ võng tối đa cho phép là 1/150 nhịp, giá trị võng lớn nhất cho phép là bao nhiêu?",tinh_toan
83,Tiêu chuẩn TCVN 5574:2018 áp dụng cho những loại bê tông nào?,tra_cuu
84,Tiêu chuẩn TCVN 5574:2018 không áp dụng để thiết kế loại kết cấu nào sau đây?,tra_cuu
85,"Theo TCVN 9379:2012, tính toán kết cấu bê tông và bê tông cốt thép cần được tiến hành theo những trạng thái giới hạn nào và phải đảm bảo điều gì trong suốt thời hạn sử dụng công trình?",tinh_toan
86,Nội dung chính của phần yêu cầu chung đối với kết cấu bê tông và bê tông cốt thép trong TCVN 5574:2018 là gì?,tra_cuu
87,"Nếu một cấu kiện bê tông làm việc trong môi trường xâm thực, theo TCVN 5574:2018, cần đảm bảo thêm yêu cầu gì ngoài an toàn và sử dụng bình thường?",tra_cuu
88,Bộ phận nào trong hệ thống chống sét có nhiệm vụ thu sét trực tiếp?,tra_cuu
89,Quốc gia nào là nước đầu tiên công bố Kế hoạch chiến lược trí tuệ nhân tạo quốc gia và vào năm nào?,tra_cuu
90,Nội dung chính của TCVN 9385:2012 là gì?,tra_cuu
91,"Một công trình cao 30 m cần bảo vệ chống sét trực tiếp. Theo bán kính bảo vệ của kim thu sét (r = 1,5h), bán kính bảo vệ tối đa là bao nhiêu?",tinh_toan
92,Chiều dày màng khô của lớp phủ chống cháy được xác định bằng cách nào?,tra_cuu
93,Loại đầu đo nhiệt nào được ưu tiên sử dụng trong thử nghiệm cấu kiện thép?,tra_cuu
94,"Theo quy định, chiều dày màng khô của vật liệu bảo vệ được đo bằng nguyên tắc nào và loại đầu đo nhiệt nào được ưu tiên sử dụng khi thử nghiệm trên cấu kiện thép?",tra_cuu
95,Nội dung chính của tài liệu là gì?,tra_cuu
96,"Theo quy định, cần bao nhiêu phép đo chiều dày tối thiểu trên dầm chịu tải?",tra_cuu
97,Bộ mã chuẩn nào đã được chọn cho tiếng Việt trong CNTT?,tra_cuu
98,"Trong xử lý ngôn ngữ, bài toán nào có mục tiêu chuyển văn bản thành tiếng nói?",tra_cuu
99,"Theo tài liệu Public_021, khi đo chiều dày màng khô của vật liệu bảo vệ, nguyên tắc nào được áp dụng và liệu có yêu cầu về đường kính vỏ bọc tối thiểu ưu tiên của đầu đo nhiệt liên quan đến quy trình này không?",tra_cuu
100,Nội dung chính của tài liệu là gì?,tra_cuu
101,"Theo đánh giá, hiện có bao nhiêu phần trăm dữ liệu không cấu trúc trong tổng lượng dữ liệu của loài người?",tra_cuu
102,Chiều dày lớp bảo vệ chịu lửa được định nghĩa như thế nào?,tra_cuu
103,"Theo tài liệu Public_022, các thử nghiệm chịu lửa được áp dụng cho những loại tiết diện thép nào và không áp dụng cho loại nào?",tra_cuu
104,Nội dung chính của tiêu chuẩn TCVN xxxx:202x là gì?,tra_cuu
105,"Theo quy định, mẫu thử nghiệm dầm chịu tải phải chịu tải trọng bằng bao nhiêu phần trăm sức kháng mô men thiết kế?",tra_cuu
106,Chiều dày vật liệu bọc bảo vệ dạng bản hoặc tấm được phép sai lệch tối đa bao nhiêu % so với giá trị trung bình?,tra_cuu
107,"Đối với lớp phủ dạng phản ứng, độ dày trung bình được xác định như thế nào?",tra_cuu
108,Hệ điều hành có những nhiệm vụ chính nào và phiên bản Windows nào cho phép đặt tên tệp dài tới 255 ký tự?,tinh_toan
109,Nội dung chính của tài liệu Public_023 là gì?,tra_cuu
110,Khối lượng riêng của vật liệu bảo vệ dạng thụ động được phép sai lệch tối đa bao nhiêu % so với giá trị trung bình?,tra_cuu
111,"Theo tài liệu Public_024, thực phẩm được định nghĩa là gì?",tra_cuu
112,Thực phẩm giàu protein thường có trong nhóm nguyên liệu nào?,tra_cuu
113,Thực phẩm là gì? Thực phẩm chức năng dùng chủ yếu để làm gì?,tra_cuu
114,Nội dung chính của phần “Khái quát về thực phẩm và công nghệ thực phẩm” là gì?,tra_cuu
115,"Nếu một người tiêu dùng mua 100g bánh mì (giàu glucid ~50%) và 100g cá (giàu protein ~20%), thì lượng glucid và protein người đó nạp vào lần lượt là bao nhiêu gam?",tinh_toan
116,Định nghĩa của chiếu xạ thực phẩm trong tài liệu Public_025 là gì?,tra_cuu
117,Tia bức xạ nào hiện nay được sử dụng phổ biến trong công nghiệp thực phẩm?,tra_cuu
118,Chiếu xạ thực phẩm về mặt cơ sở khoa học là gì? Và mục đích công nghệ chủ yếu hiện nay của chiếu xạ thực phẩm là gì?,tra_cuu
119,Nội dung chính của phần “Chiếu xạ trong công nghiệp thực phẩm” là gì?,tra_cuu
120,"Nếu một loại trái cây được xử lý bằng liều chiếu xạ 2 kGy, trong khi mức 1 kGy không làm mất vitamin C còn mức 2–4 kGy làm giảm mạnh vitamin C, thì loại trái cây đó có nguy cơ bị giảm giá trị dinh dưỡng như thế nào?",tra_cuu
121,Xơ dệt được phân loại theo nguồn gốc thành mấy nhóm chính?,tra_cuu
122,"Theo tài liệu Public_026, thành phần chính của xơ len là gì?",tra_cuu
123,Nội dung chính của chương 1 trong tài liệu `Public_026` là gì?,tra_cuu
124,Nếu một sợi có chiều dài 1000 m và khối lượng 20 g thì chỉ số Tex của sợi đó bằng bao nhiêu?,tinh_toan
125,Thành phần chính của xơ bông là gì?,tra_cuu
126,Nhiệt độ chuyển mềm của len thường nằm trong khoảng nào?,tra_cuu
127,Nội dung chính của tài liệu Public_027 là gì?,tra_cuu
128,"Nếu sợi bông có độ ẩm hoàn toàn khô là 8 g, khi hút ẩm đạt khối lượng 8,8 g thì độ ẩm tương đối của sợi là bao nhiêu?",tinh_toan
129,Ai là những nhà khoa học được ghi nhận phát minh ra transistor lưỡng cực vào năm 1947?,tra_cuu
130,Transistor NPN có các cực được sắp xếp như thế nào?,tra_cuu
131,Transistor được tạo thành từ mấy lớp bán dẫn và ba người nào được ghi nhận là những nhà phát minh ra nó?,tra_cuu
132,Nội dung chính của tài liệu Public_028 là gì?,tra_cuu
133,"Nếu bộ phát (Emitter) bị pha tạp nặng, Base pha tạp nhẹ và Collector pha tạp vừa phải, thì vùng nghèo kiệt sẽ mở rộng nhiều hơn về phía nào?",tra_cuu
134,Vật liệu nào phổ biến nhất được sử dụng làm chất bán dẫn cơ bản?,tra_cuu
135,Quá trình thêm tạp chất vào chất bán dẫn để cải thiện tính dẫn điện gọi là gì?,tra_cuu
136,Chất bán dẫn tinh khiết là gì và hiện tượng pha tạp (doping) có tác dụng gì?,tinh_toan
137,Nội dung chính của tài liệu là gì?,tra_cuu
138,"Nếu một tinh thể silicon có tỷ lệ doping là 1 nguyên tử tạp chất trên 10 triệu nguyên tử Si, thì khi thêm 100 nguyên tử tạp chất, số nguyên tử Si xấp xỉ bao nhiêu?",tinh_toan
139,Đơn vị đo điện dung của tụ điện là gì?,tra_cuu
140,Hằng số điện môi ε₀ trong chân không có giá trị bao nhiêu?,tra_cuu
141,Tụ điện là gì và điện dung của tụ được tính theo công thức nào?,tra_cuu
142,Nội dung chính của tài liệu Public_030 là gì?,tra_cuu
143,"Một tụ điện phẳng có A = 10 m², d = 5 m, điện môi là không khí (εr = 1). Hãy tính điện dung C.",tinh_toan
144,Đơn vị đo điện trở là gì?,tra_cuu
145,Ký hiệu điện trở theo tiêu chuẩn IEC có dạng nào?,tra_cuu
146,Điện trở là gì và tại sao được gọi là linh kiện thụ động?,tra_cuu
147,Nội dung chính của tài liệu Public_031 là gì?,tra_cuu
148,"Một mạch nối tiếp gồm R1 = 2Ω, R2 = 4Ω, R3 = 6Ω, dòng điện I = 4A. Hãy tính điện áp toàn mạch.",tinh_toan
149,Nguồn điện nào thường tạo ra điện áp một chiều (DC)?,tra_cuu
150,Định luật Ohm được phát biểu như thế nào?,tra_cuu
151,Dòng điện một chiều (DC) là gì và định luật Ohm liên quan như thế nào?,tra_cuu
152,Nội dung chính của tài liệu là gì?,tra_cuu
153,Một mạch có điện áp 12V và điện trở 6Ω. Hãy tính dòng điện chạy qua mạch theo định luật Ohm.,tinh_toan
154,Ai là người phát minh ra pin điện đầu tiên vào năm 1800?,tra_cuu
155,Dòng điện tử trong thực tế chảy theo chiều nào?,tra_cuu
156,Nguồn gốc dòng điện và hai giả thuyết về chiều dòng điện là gì?,tra_cuu
157,Nội dung chính của phần “Giới thiệu về điện” trong tài liệu Public_033 là gì?,tra_cuu
158,"Nếu một dầm dây dẫn có dòng điện 2000 mA chạy qua, giá trị này tương ứng với bao nhiêu ampe?",tinh_toan
159,"Theo tài liệu Public_034, photodiode hoạt động hiệu quả nhất khi được phân cực như thế nào?",tra_cuu
160,Ai là người đầu tiên đề xuất ý tưởng về phototransistor?,tra_cuu
161,Photodiode hoạt động như thế nào và khác gì với phototransistor?,tra_cuu
162,Nội dung chính của tài liệu Public_034 là gì?,tra_cuu
163,Một photodiode PIN cho dòng điện 1 µA trong điều kiện chiếu sáng phòng. Một phototransistor cùng điều kiện có dòng lớn hơn khoảng bao nhiêu lần?,tra_cuu
164,MAE loss còn có tên khác là gì,tra_cuu
165,"Theo tài liệu Public_035, điều gì xảy ra nếu learning rate quá nhỏ?",tra_cuu
166,"Trong bối cảnh linear regression đơn biến, mô hình được biểu diễn ra sao và mục tiêu của bài toán khi được mô hình hóa là gì?",tra_cuu
167,Những thành phần chính nào cấu thành mô hình hồi quy tuyến tính?,tra_cuu
168,Một trình tối ưu linear regression ghi nhận cost function tăng. Hành động hợp lý tiếp theo là gì?,tra_cuu
169,"Trong tài liệu Public_036, đâu không phải một ứng dụng của Image segmentation được đề cập?",tra_cuu
170,Mạng U-Net có mấy phần chính?,tra_cuu
171,"Theo tài liệu Public_036, có bao nhiêu loại bài toán segmentation và đó là những loại nào?",tra_cuu
172,"Theo tài liệu Public_036, mạng U-Net có những hạn chế hoặc điểm yếu nào khi áp dụng trong bài toán Image segmentation?",tra_cuu
173,"Xác định padding (p) và stride (s) khi tiến hành transposed convolution với input 4x4, kernel 3x3 để cho ra output 9x9",tra_cuu
174,Mô hình skip-gram ban đầu có bao nhiêu lớp ẩn (hidden layer)?,tra_cuu
175,Co-occurrence matrix có tính chất đối xứng gì và kích thước của ma trận này là bao nhiêu (với V là kích thước từ điển)?,tra_cuu
176,Khẳng định nào dưới đây không đúng với bối cảnh bài toán trong tài liệu Public_037?,tra_cuu
177,Đặc điểm của một vector không phải là one-hot encoding là gì?,tra_cuu
178,"Trong số các mô hình mạng nơ-ron được đề cập trong tài liệu Public_038, mô hình nào không phải là một dạng của Mạng Nơ-ron Hồi quy (RNN)?",tra_cuu
179,Sinh mô tả ảnh thuộc vào dạng RNN nào?,tra_cuu
180,"Theo tài liệu Public_038, câu output của mô hình seq2seq sẽ có thêm mấy token và đó là những token nào?",tra_cuu
181,"Trong bối cảnh dịch máy, đâu là cách hiểu ""sản phẩm trung gian"" phù hợp với seq2seq?",tra_cuu
182,"Theo tài liệu Public_038, khẳng định nào dưới đây là đúng với cơ chế attention?",tra_cuu
183,Đâu không phải là một ứng dụng của GAN được nêu trong phần đầu tiên của tài liệu Public_039?,tra_cuu
184,GAN là viết tắt của?,tra_cuu
185,"GAN gồm bao nhiêu thành phần mạng và tên gọi của chúng, theo đúng thuật ngữ, là?",tra_cuu
186,Tóm tắt cách hoạt động của GAN?,tra_cuu
187,Đâu là một ví dụ được coi là tương đồng với cách thức huấn luyện của GAN?,tra_cuu
188,Khác biệt về kiến trúc của DCGAN và GAN?,tra_cuu
189,Input của Generator trong mạng tạo sinh đối kháng (GAN) là gì?,tra_cuu
190,Kích thước ảnh của CIFAR-10 và Fashion-MNIST là gì?,tra_cuu
191,Điểm chung giữa DCGAN và Conditional GAN là?,tra_cuu
192,"Đâu là yếu tố tạo nên ""Conditional"" trong Conditional GAN?",tra_cuu
193,Logistic regression có đầu ra là gì?,tra_cuu
194,Đâu là công thức của sigmoid?,tra_cuu
195,"Hàm mất mát Cross-Entropy biến thiên ra sao khi nhãn thực y_i lần lượt là 1 và 0, ứng với các giá trị xác suất dự đoán p_i?",tra_cuu
196,Điểm giống nhau cơ bản của logistic regression và linear regression là gì,tra_cuu
197,"Theo nguyên lý xác suất được trình bày trong tài liệu Public_041, đâu không phải là một khẳng định hợp lý?",tra_cuu
198,Mô hình neural network lấy cảm hứng từ?,tra_cuu
199,"Neural network bắt chước toàn bộ cơ chế hoạt động của hệ thần kinh, đúng hay sai?",tra_cuu
200,Ký hiệu phổ biến cho số đặc trưng trong một điểm dữ liệu và số điểm dữ liệu lần lượt là?,tra_cuu
201,Bài toán về toán tử bit nào là minh chứng cho việc cần xây dựng nhiều hơn một lớp ẩn?,tra_cuu
202,"Theo tài liệu Public_042, vì sao lại nên dùng hàm kích hoạt phi tuyến (non-linear activation)?",tra_cuu
203,Hệ màu RGB biểu diễn tất cả các màu khả kiến dưới dạng tổ hợp của ba màu gì?,tra_cuu
204,Tensor được chuyên dùng để mô tả dữ liệu theo mấy chiều,tra_cuu
205,Một pixel của ảnh xám có thể nhận giá trị tối thiểu và tối đa lần lượt là?,tra_cuu
206,Phép tích chập (convolution) gồm ba yếu tố chính là kernel và hai thành phần nào?,tra_cuu
207,"Sử dụng công thức quy đổi RGB sang ảnh xám (p = 0.299 * r + 0.587 * g + 0.114 * b, làm tròn tới hàng đơn vị) được đề cập trong tài liệu Public_043, hãy xác định giá trị pixel ảnh xám ứng với pixel ảnh RGB (100, 10, 1).",tra_cuu
208,Đâu là vấn đề trong xử lý ảnh mà CNN giải quyết tốt hơn so với các mạng nơ-ron truyền thống?,tra_cuu
209,Pooling layer được thiết kế để?,tra_cuu
210,Pooling layer của VGG16 có kích thước ra sao và hàm pool là?,tra_cuu
211,Tổng quát một CNN sẽ gồm hai phần chính nào sau đây?,tra_cuu
212,"Kết quả average pooling của hình vuông gồm 4 giá trị 15, 20, 30, 45 là?",tra_cuu
213,"Theo tài liệu Public_045, điểm chung của Transfer learning và data augmentation là gì?",tra_cuu
214,"Theo tài liệu Public_045, đâu không phải là một hình thức data augmentation cho ảnh?",tra_cuu
215,"Theo tài liệu Public_045, khi tiến hành phân lớp với nhiều hơn hai lớp, có bao nhiêu chiến lược tiếp cận? Hình thức của chúng là gì?",tra_cuu
216,"Trường hợp nào sau đây được đề xuất sử dụng Finetuning hơn là Feature extractor?
I. Dữ liệu lớn, khác dữ liệu pretrain
II. Dữ liệu nhỏ, khác dữ liệu pretrain
III. Dữ liệu nhỏ, giống dữ liệu pretrain
IV. Dữ liệu lớn, giống dữ liệu pretrain",tra_cuu
217,"Theo tài liệu Public_045, đâu không phải là khẳng định đúng giữa Finetuning và Feature extractor?",tra_cuu
218,Lợi ích chính của vectorization là gì,tra_cuu
219,"Theo tài liệu Public_046, giá trị p trong dropout thể hiện điều gì?",tra_cuu
220,"Theo tài liệu Public_046, khái niệm tiếng Việt cho bias và variance là gì?",tra_cuu
221,Đâu là mục tiêu chính của các phương pháp trong tài liệu Public_046?,tra_cuu
222,Một thuật toán gradient descent lấy ra 32 dữ liệu điểm mỗi lần tính đạo hàm thì thuộc loại gradient descent nào?,tra_cuu
223,Input của bài toán object detection là?,tra_cuu
224,Vấn đề chính của R-CNN là?,tra_cuu
225,IoU phụ thuộc vào hai toán tử tập hợp nào và công thức là gì?,tra_cuu
226,Các nguyên tắc cốt lõi và thành phần chính của các cách tiếp cận object detection là gì?,tra_cuu
227,"Trong ROI pooling, để tạo ra output có kích thước 4x4, mỗi vùng quan tâm (ROI) được chia thành bao nhiêu phân vùng con để thực hiện pooling?",tra_cuu
228,Bộ dữ liệu được sử dụng trong tài liệu Public_048 có bao nhiêu ảnh?,tra_cuu
229,Mô hình được sử dụng để huấn luyện trong tài liệu Public_048 là gì?,tra_cuu
230,"Trong tài liệu Public_048, có bao nhiêu phương pháp tăng cường dữ liệu đã được dùng và gồm những thao tác nào?",tra_cuu
231,Cách tiếp cận đã nêu trong tài liệu Public_048 có tiến hành đọc biển số hay không?,tra_cuu
232,Phân loại của bài toán được mô tả trong tài liệu Public_048 là gì?,tra_cuu
233,"Theo tài liệu Public_049, khái niệm được dùng để đại diện tập xác định của một biến là gì?",tra_cuu
234,"Theo tài liệu Public_049, thành phần nào không thuộc phạm vi quản lý của biến?",tra_cuu
235,Tên kiểu dữ liệu của ký tự ASCII và ký tự Unicode lần lượt là?,tra_cuu
236,Đâu không phải khẳng định đúng về các đặc tính của thuật toán được đề cập trong tài liệu Public_049?,tra_cuu
237,Phương trình toán học 3x + 4y + 5z = 6 có mấy biến?,tinh_toan
238,"Dựa vào tài liệu Public_050, từ nào điền vào chỗ trống sau: nếu hàm số f(x) bị ... bởi hằng số C nhân với g(x), ta nói f(x) có độ phức tạp O(g(x))?",tra_cuu
239,"Theo nguyên tắc tổng, f1(x) + f2(x) có độ phức tạp là?",tra_cuu
240,Độ phức tạp tuyến tính và giai thừa lần lượt có ký hiệu là?,tra_cuu
241,"Theo tài liệu Public_050, bước đầu tiên của quá trình tiếp cận bài toán là gì?",tra_cuu
242,Hai thuật toán được tiến hành kế tiếp nhau lần lượt có độ phức tạp O(n) và O(n^2). Độ phức tạp của chương trình là?,tra_cuu
243,"Dựa trên tài liệu Public_051, khái niệm nào không thuộc về thuật toán sinh?",tra_cuu
244,Nội dung của tài liệu Public_051 không bao gồm bài toán nào?,tra_cuu
245,Số hoán vị của N phần tử phân biệt là bao nhiêu và giá trị tương ứng khi N = 3 là?,tinh_toan
246,Đâu là cốt lõi của thuật toán đệ quy?,tra_cuu
247,"Bài toán liệt kê xâu nhị phân độ dài 6 phải trải qua bao nhiêu cấu hình, nếu biết số cấu hình cho độ dài n là 2^n?",tinh_toan
248,Đâu không phải một ví dụ duyệt được thực hiện bởi quay lui?,tra_cuu
249,"Trong bài toán N quân hậu, quân hậu ở hàng thứ i phải thỏa mãn điều gì?",tra_cuu
250,"Theo tài liệu Public_052, tên của thủ tục tiền xử lý và thủ tục chạy quay lui được gọi trong hàm main() lần lượt là gì?",tra_cuu
251,"Làm thế nào để áp dụng thuật toán quay lui để duyệt hoặc sinh ra một số tập con K phần tử cụ thể, thay vì duyệt toàn bộ các tập con K phần tử?",tra_cuu
252,Những điều kiện tiên quyết nào áp dụng cho việc sắp xếp dữ liệu?,tra_cuu
253,Vai trò của sắp xếp đối với hiệu quả của quá trình tìm kiếm dữ liệu là gì?,tra_cuu
254,Cho biết số lượng thuật toán sắp xếp đơn giản được trình bày trong tài liệu Public_053 và tên của chúng?,tra_cuu
255,Độ phức tạp nhỏ nhất của Insertion Sort là?,tra_cuu
256,"Theo tài liệu Public_054, hành động chính của Bubble Sort là gì?",tra_cuu
257,Đâu không phải một cách chọn khóa (pivot) điển hình trong Quick Sort,tra_cuu
258,"Trong heap, chỉ số node con trái và phải của node x lần lượt là? (node gốc có chỉ số 0)",tra_cuu
259,Đâu là cấu trúc heap ta nên dùng nếu muốn sắp xếp mảng giảm dần?,tra_cuu
260,Đâu là điểm chung giữa Merge Sort và Quick Sort? Chọn một đáp án,tra_cuu
261,Đâu không phải thuật toán tìm kiếm được nêu trong tài liệu?,tra_cuu
262,"Theo tài liệu Public_055, thuật toán đơn giản nhất trong bốn thuật toán được trình bày là gì?",tra_cuu
263,"Trong ngữ cảnh của tài liệu Public_055, kết quả trả về cụ thể (ví dụ: mã trạng thái, cấu trúc dữ liệu, giá trị) khi tìm kiếm 'thấy' và 'không thấy' một mục lần lượt là gì?",tra_cuu
264,Nhận định nào sau đây không đúng dựa trên nội dung của tài liệu Public_055?,tra_cuu
265,"Dựa trên thông tin trong tài liệu Public_055 về tìm kiếm nhị phân hoàn thành trong logN bước, cho biết mảng đã sắp xếp gồm 2^8 phần tử sẽ cần bao nhiêu bước?",tra_cuu
266,"Theo tài liệu Public_056, thao tác nào dưới đây không được liệt kê là một thao tác cơ bản trên linked list?",tra_cuu
267,Một node của danh sách liên kết đơn có mấy trường?,tra_cuu
268,Tên của thao tác cập nhật và tìm kiếm một node trong cấu trúc dữ liệu lần lượt là gì?,tra_cuu
269,Đâu không phải là đặc điểm của linked list?,tra_cuu
270,"Muốn cập nhật trong linked list phần tử thứ 5 với giá trị 7, ta cần nhập vào khi gọi update() thứ tự giá trị nào cho pos và val?",tra_cuu
271,"Theo tài liệu Public_057, đâu không phải là một loại đồ thị được phân loại ở cấp dưới trong hệ thống phân loại đồ thị của tài liệu?",tra_cuu
272,Đồ thị được tạo thành bằng cách bổ sung một đỉnh nối với mọi đỉnh của đồ thị C_n được ký hiệu là?,tra_cuu
273,Tên gọi riêng cho đỉnh bậc 0 và đỉnh bậc 1 trong đồ thị vô hướng là?,tra_cuu
274,Tài liệu Public_057 mô tả những cách biểu diễn đồ thị nào?,tra_cuu
275,"Theo tài liệu `Public_057`, đồ thị bánh xe có bao nhiêu cạnh?",tra_cuu
276,"Theo tài liệu Public_058, đâu là một tên gọi khác của kiểm thử chức năng?",tra_cuu
277,Tập S biểu diễn các mẫu hành vi hoặc đặc tính động lực học như thế nào?,tra_cuu
278,"Trong tài liệu Public_058, các hành vi ""được đặc tả"" và ""được kiểm thử"" được định nghĩa thuộc tập nào?",tra_cuu
279,"So sánh kiểm thử hộp trắng và kiểm thử hộp đen, phương pháp nào ưu việt hơn?",tra_cuu
280,"Theo tài liệu Public_058, theo mô hình biểu đồ Venn, thiết kế kiểm chứng nên rơi vào miền nào nhiều nhất?",tra_cuu
281,"Theo tài liệu Public_059, kiểm thử tích hợp tập trung vào vấn đề gì?",tra_cuu
282,"Theo tài liệu Public_059, đâu không phải là một hình thức giao diện giữa nhiều module?",tra_cuu
283,"Ngoài hai cách ghép module thông dụng là top down, bottom up thì còn mấy phương pháp và tên của chúng là?",tra_cuu
284,Nội dung nào không được đề cập trong tài liệu Public_059?,tra_cuu
285,Đoạn code ngắn sau định nghĩa giao diện hàm (function interface) như thế nào?,tra_cuu
286,Chương Public_060 sẽ đi qua bao nhiêu ví dụ?,tra_cuu
287,"Có tất cả bao nhiêu cách để đi đến nút ""Not A Triangle"" trong bài toán Tam giác, theo tài liệu?",tra_cuu
288,"Trong bài toán Ngày kế tiếp, sự phân bố của những loại thực thể nào thường gây ra vấn đề, và liệu việc xác định một thực thể có phụ thuộc vào các thực thể khác không?",tra_cuu
289,"Theo tài liệu Public_060, đâu không phải một yếu tố khiến bài toán Tam giác được đề cập trong đó trở nên phổ biến?",tra_cuu
290,"Kết quả kiểm tra xem bộ ba số (3, 4, 5) có tạo thành tam giác vuông hay không?",tra_cuu
291,Người kiểm thử cần quan tâm điều gì liên quan đến đặc tả được đề cập trong tài liệu Public_061?,tra_cuu
292,Đâu không phải nguyên tắc cốt lõi của khảo sát đặc tả mức cao theo tài liệu Public_061?,tra_cuu
293,"Mục đích của từ ""luôn luôn"" và ""nào đó"", theo danh sách thẩm định thuật ngữ trong tài liệu Public_061, là hàm ý tính không mơ hồ và tính kiểm chứng của đặc tả?",tra_cuu
294,Nhận định nào là chính xác về việc kiểm thử đặc tả mức thấp? Chọn hai nhận định,tra_cuu
295,Đâu không phải một thuật ngữ nhập nhằng trong đặc tả?,tra_cuu
296,Giả định cơ bản nào được áp dụng trong kiểm thử giá trị biên?,tra_cuu
297,Kiểm thử giá trị biên tổ hợp có công thức số ca kiểm thử là hàm số như nào?,tra_cuu
298,Ký hiệu của cận biên max và cận biên min theo tài liệu Public_062 là gì?,tra_cuu
299,"Trong kiểm thử giá trị biên, thông thường có bao nhiêu giá trị kiểm thử cụ thể được lựa chọn xung quanh mỗi giới hạn?",tra_cuu
300,"Giả sử một hàm ba biến f(x1, x2, x3) được đem ra kiểm thử giá trị biên, hỏi một ca kiểm thử gốc sẽ cho ra bao nhiêu ca kiểm thử dẫn xuất?",tra_cuu
301,Bảng quyết định gồm hai yếu tố chính có tên là?,tra_cuu
302,"Theo tài liệu Public_063, giá trị điều kiện chỉ bó buộc trong T/F, nhận định này đúng hay sai?",tra_cuu
303,"Trong một hệ thống ký hiệu quy trình hoặc trạng thái, ký hiệu cho điều kiện kích hoạt và hành động thực thi lần lượt là gì?",tra_cuu
304,Tiền đề để sử dụng dấu gạch nối (-) trong văn bản kỹ thuật?,tra_cuu
305,"Đâu là tổ hợp biểu diễn một quy tắc có trạng thái điều kiện lần lượt là (đúng, đúng, tùy ý, sai)?",tra_cuu
306,"Theo tài liệu Public_064, yếu tố quan trọng nhất của kiểm thử hộp trắng là gì?",tra_cuu
307,Dòng điều khiển được mô hình hóa bằng các phương pháp hoặc mô hình cụ thể nào?,tra_cuu
308,"Trong tài liệu Public_064, có bao nhiêu độ đo được quyết định chỉ dựa trên câu lệnh rẽ nhánh; đó là những độ đo nào?",tra_cuu
309,"Theo tài liệu Public_064, có tất cả bao nhiêu độ đo kiểm thử?",tra_cuu
310,"Xét hàm sau:
if (a == 0) return 0;
if (a == b) return 1;
return 2;
Cần bao nhiêu ca kiểm thử để đảm bảo 100% độ phủ cho độ đo C1?",tra_cuu
311,Đâu không phải một yếu tố giúp xác định lát cắt được đề cập trong tài liệu Public_065?,tra_cuu
312,"Trong tài liệu Public_065, bối cảnh ""các đoạn câu lệnh"" hàm ý gì?",tra_cuu
313,"Trong xây dựng lát cắt, câu lệnh dạng I-def và I-use đối với biến v sẽ được xử lý như nào? (Trả lời đúng thứ tự)",tra_cuu
314,Hình thức sử dụng biến nào không bao giờ nằm trong lát cắt của biến đó?,tra_cuu
315,Câu lệnh `int temp = 31415;` thuộc loại khai báo và khởi tạo biến nào?,tra_cuu
316,Mục tiêu của mô hình trong kiểm thử dựa trên mô hình?,tra_cuu
317,Đâu không phải một cách biểu diễn một mô hình máy học?,tra_cuu
318,FSM và DFA được biểu diễn bằng bộ mấy thành phần?,tra_cuu
319,"Thứ tự của quy trình kiểm tra mô hình? Sắp xếp các bước sau.
1. Sử dụng mô hình tạo ca kiểm thử
2. Chạy kịch bản kiểm thử
3. Đối chiếu kết quả kiểm thử
4. Đánh giá và phản hồi",tra_cuu
320,Điểm nào dưới đây là điểm chung cho hầu hết các hình thức biểu diễn mô hình dữ liệu?,tra_cuu
321,Đâu là nhân tố đóng góp vào việc phát triển kiểm thử tự động,tra_cuu
322,Lý do nào không phải thách thức dẫn đến việc đầu tư cao độ vào phát triển công cụ tìm lỗi và kiểm thử tự động?,tra_cuu
323,Có bao nhiêu bước phân tích trong quy trình được mô tả trong tài liệu Public_067 và tên của chúng là gì?,tra_cuu
324,"Theo tài liệu Public_067, kiến trúc kiểm thử tự động bao gồm những yếu tố nào?",tra_cuu
325,"Trong kiểm thử dựa trên mô hình, những hoạt động nào không được tự động tạo ra từ mô hình mà do con người thực hiện?",tra_cuu
326,"Trong giai đoạn tiền xử lý dữ liệu hình ảnh cho hệ thống thị giác máy tính, kỹ thuật nào giúp giảm nhiễu và tăng độ tương phản?",tra_cuu
327,Mục tiêu chính của việc chia tập dữ liệu theo tỉ lệ 70/15/15 trong huấn luyện mô hình là gì?,tra_cuu
328,"Hãy phân tích các bước then chốt trong toàn bộ vòng đời hệ thống thị giác máy tính công nghiệp, từ thu thập dữ liệu hình ảnh đến triển khai và bảo trì, đồng thời nêu rõ vai trò của chuẩn hóa định dạng dữ liệu và kỹ thuật Edge Computing.",tinh_toan
329,Kiến trúc tổng thể của giải pháp thị giác máy tính công nghiệp gồm những giai đoạn chính nào?,tra_cuu
330,"Nếu môi trường sản xuất thay đổi ánh sáng thường xuyên nhưng không cập nhật mô hình, hậu quả nào dưới đây có khả năng xảy ra nhất?",tra_cuu
331,"Theo tài liệu Public_069, những đặc điểm quan trọng nào của dữ liệu chuỗi thời gian cần được xem xét trong việc dự báo?",tra_cuu
332,"Khi thu thập dữ liệu với tần suất cao (high-frequency), thách thức lớn nhất thường là gì?",tra_cuu
333,"Trình bày quy trình tổng thể để xây dựng hệ thống quản lý dữ liệu chuỗi thời gian từ khâu xác định nguồn, thu thập, tiền xử lý đến lưu trữ và mở rộng; đồng thời giải thích tầm quan trọng của đồng bộ NTP và chiến lược partitioning.",tra_cuu
334,"Theo tài liệu Public_069, chuỗi thời gian được lưu trữ hiệu quả thường sử dụng hệ thống hoặc định dạng nào?",tra_cuu
335,"Nếu dữ liệu chuỗi thời gian từ nhiều cảm biến tương quan với nhau được nhóm lại và nén (multi-series group compression), lợi ích nào có thể có được?",tra_cuu
336,Thành phần nào trong kiến trúc 5G cho phép chia mạng thành nhiều “lát” phục vụ các dịch vụ khác nhau?,tra_cuu
337,Công nghệ nào giúp tập trung tín hiệu và tăng hiệu quả sử dụng phổ tần trong 5G?,tra_cuu
338,"Hãy mô tả đầy đủ các thành phần kiến trúc chính của mạng 5G, phương pháp triển khai và các cơ chế quản lý dịch vụ & bảo mật, đồng thời nêu rõ vai trò của network slicing và điện toán biên (MEC).",tra_cuu
339,Phương pháp nào giúp giảm chi phí đầu tư và cho phép nhiều nhà cung cấp thiết bị tham gia triển khai hạ tầng 5G?,tra_cuu
340,"Trong quản lý chất lượng dịch vụ 5G, nhóm dịch vụ nào phù hợp nhất cho truyền video 8K và VR?",tra_cuu
341,Giao thức nào thường được dùng cho thiết bị IoT tiết kiệm băng thông và nhẹ?,tra_cuu
342,"Theo tài liệu Public_071, phương pháp nào cho phép cập nhật firmware hàng loạt mà không cần tiếp cận vật lý thiết bị?",tra_cuu
343,"Trình bày kiến trúc đa lớp và quy trình quản lý mạng IoT quy mô hàng triệu thiết bị, đồng thời giải thích cách bảo mật đa tầng (từ thiết bị đến truyền thông) và cơ chế giám sát–phản ứng sự cố.",tra_cuu
344,"Để bảo vệ dữ liệu trong quá trình truyền, lớp bảo mật nào nên được áp dụng cho kết nối TCP/UDP?",tra_cuu
345,Việc phân nhóm thiết bị IoT theo vị trí địa lý và mức độ quan trọng giúp đạt mục tiêu chính nào?,tra_cuu
346,"Theo tài liệu Public_072, DRL là sự kết hợp của những lĩnh vực nào?",tra_cuu
347,Thành phần nào đóng vai trò đưa ra hành động trong DRL?,tra_cuu
348,"Mô tả quy trình xây dựng hệ thống DRL cho robot công nghiệp từ kiến trúc thành phần đến thuật toán, đồng thời nêu các ứng dụng tiêu biểu và thách thức triển khai thực tế.",tra_cuu
349,Ưu điểm lớn nhất của việc mô phỏng trước khi triển khai trên robot thực là gì?,tra_cuu
350,"Giả sử một robot đã học thành công trong môi trường mô phỏng nhưng thất bại khi hoạt động thực tế, nguyên nhân hợp lý nhất là gì?",tra_cuu
351,"Theo tài liệu Public_073, ưu điểm nổi bật nhất của Federated Learning trong y tế là gì?",tra_cuu
352,Thuật toán tổng hợp trọng số phổ biến trong FL là gì?,tra_cuu
353,"Hãy phân tích nguyên lý hoạt động của Federated Learning và các kỹ thuật bảo mật nâng cao, đồng thời nêu lợi ích và thách thức khi áp dụng trong môi trường y tế đa cơ sở.",tra_cuu
354,Thách thức lớn nhất khi các bệnh viện có đặc điểm dữ liệu khác nhau là gì?,tra_cuu
355,"Giả sử một bệnh viện có hạ tầng yếu, vấn đề chính khi tham gia FL là gì?",tra_cuu
356,Đơn vị thông tin cơ bản trong điện toán lượng tử là gì?,tra_cuu
357,Thuật toán nào thường dùng để tối ưu hóa tổ hợp trong mạng 6G?,tra_cuu
358,"Trình bày cách điện toán lượng tử hỗ trợ giải các bài toán tối ưu trong mạng 6G, mô tả các thuật toán lượng tử tiêu biểu và kiến trúc triển khai thực tế.",tra_cuu
359,Hình thức triển khai nào cho phép trạm gốc 6G sử dụng tài nguyên lượng tử từ xa?,tra_cuu
360,"Theo tài liệu Public_074, giải pháp khả thi nhất cho mạng lượng tử khi chưa đủ qubit là gì?",tra_cuu
361,Pin nào sử dụng chất điện phân rắn thay cho lỏng?,tra_cuu
362,Ưu điểm nổi bật của pin Sodium-Ion là gì?,tra_cuu
363,"Hãy trình bày các công nghệ pin thế hệ mới cho lưới điện thông minh, nêu ưu nhược điểm từng loại và vai trò của AI trong khám phá vật liệu và điều độ năng lượng.",tra_cuu
364,Thách thức lớn của pin Li-S là gì?,tra_cuu
365,Lợi ích chính của việc tích hợp pin vào lưới điện thông minh là gì?,tra_cuu
366,Phương pháp truyền thống nào đã trở nên kém hiệu quả trước tấn công mạng hiện đại?,tra_cuu
367,Mô hình AI nào được thảo luận trong tài liệu Public_076 phù hợp phát hiện tấn công chuỗi thời gian như DDoS?,tra_cuu
368,"Trình bày kiến trúc tổng thể và các kỹ thuật AI chủ chốt trong hệ thống phát hiện – ứng phó sự cố an ninh mạng, đồng thời giải thích vai trò của học sâu và khả năng phản ứng tự động.",tra_cuu
369,Thách thức nào đặc thù khi huấn luyện AI cho an ninh mạng?,tra_cuu
370,"Theo tài liệu Public_076, giải pháp nào cho phép nhiều tổ chức cùng huấn luyện mô hình mà không chia sẻ dữ liệu thô?",tra_cuu
371,Ưu điểm cốt lõi của blockchain trong chuỗi cung ứng là gì?,tra_cuu
372,"Trong công nghệ blockchain, thành phần nào đảm bảo các khối không thể chỉnh sửa?",tra_cuu
373,"Mô tả nguyên lý hoạt động của blockchain và cách nó giải quyết minh bạch, chống giả mạo trong chuỗi cung ứng, đồng thời nêu thách thức triển khai.",tra_cuu
374,Giải pháp nào giúp bảo vệ dữ liệu nhạy cảm trên blockchain?,tra_cuu
375,"Theo tài liệu Public_077, công nghệ nào kết hợp với blockchain để tự động ghi dữ liệu môi trường?",tra_cuu
376,Điện toán biên giải quyết vấn đề độ trễ trong nhà máy thông minh như thế nào?,tra_cuu
377,Ưu điểm nổi bật nhất của Edge Computing so với Cloud Computing truyền thống là gì?,tra_cuu
378,"Giải thích nguyên lý hoạt động, kiến trúc và lợi ích của Edge Computing trong các ứng dụng thời gian thực công nghiệp, kèm các ví dụ tiêu biểu.",tra_cuu
379,"Nếu kết nối Internet bị gián đoạn, hệ thống Edge sẽ phản ứng thế nào?",tra_cuu
380,Lợi ích bảo mật lớn nhất của Edge Computing trong môi trường sản xuất là gì?,tra_cuu
381,Điểm mạnh lớn nhất của CNN trong phân tích ảnh y tế là gì?,tra_cuu
382,Mạng nào chuyên biệt cho bài toán phân đoạn ảnh y tế?,tra_cuu
383,"Phân tích nguyên lý, cấu trúc mạng CNN và lợi ích khi áp dụng trong phân tích ảnh y tế, nêu các ứng dụng điển hình.",tra_cuu
384,Thách thức lớn khi triển khai mạng nơ-ron tích chập (CNN) trong bệnh viện là gì?,tra_cuu
385,Một xu hướng mới giúp mạng nơ-ron tích chập đảm bảo quyền riêng tư dữ liệu y tế là gì?,tra_cuu
386,Lợi ích lớn nhất của Generative AI trong thiết kế thuốc là gì?,tra_cuu
387,"Theo tài liệu Public_080, mô hình nào thường dùng để sinh phân tử mới?",tra_cuu
388,"Trình bày vai trò của Generative AI và các mô hình điển hình trong thiết kế thuốc, đồng thời nêu ứng dụng thực tế.",tra_cuu
389,Thách thức quan trọng nhất khi đưa phân tử do AI tạo ra vào thực nghiệm là gì?,tra_cuu
390,Xu hướng nào giúp nhiều tổ chức cùng huấn luyện mô hình AI mà vẫn giữ bí mật dữ liệu hóa học?,tra_cuu
391,Đặc điểm nào khiến GNN phù hợp cho dữ liệu vật liệu?,tra_cuu
392,"Từ tài liệu Public_081, những ứng dụng nào là điểm mạnh của GNN trong khoa học vật liệu?",tra_cuu
393,"Giải thích cách GNN biểu diễn vật liệu, cơ chế message passing và các ứng dụng trong dự đoán tính chất vật liệu mới.",tra_cuu
394,Thách thức chính khi dùng GNN trong khám phá vật liệu là gì?,tra_cuu
395,Hướng phát triển tương lai đầy tiềm năng của GNN trong vật liệu là gì?,tra_cuu
396,Tại sao HPC cần thiết cho mô phỏng khí hậu toàn cầu?,tra_cuu
397,Thành phần phần cứng cốt lõi nào giúp hệ thống HPC tối ưu hóa xử lý song song?,tra_cuu
398,"Trình bày kiến trúc HPC và vai trò trong mô phỏng khí hậu, dự báo thời tiết cực đoan, nêu công nghệ hỗ trợ.",tra_cuu
399,Thách thức lớn nhất về vận hành siêu máy tính khí hậu là gì?,tra_cuu
400,Xu hướng tương lai giúp tăng tốc mô phỏng khí hậu là gì?,tra_cuu
401,Đặc điểm nào nổi bật nhất của 6G so với 5G?,tra_cuu
402,Dải tần nào sẽ được khai thác chủ yếu trong 6G?,tra_cuu
403,"Giải thích đặc trưng cốt lõi của 6G và vai trò AI trong tối ưu và bảo mật mạng, nêu các ứng dụng tiêu biểu.",tra_cuu
404,Ứng dụng nào cần 6G để đạt độ trễ siêu thấp?,tra_cuu
405,Thách thức chính khi triển khai 6G là gì?,tra_cuu
406,Cảm biến nào cung cấp bản đồ 3D chính xác cho xe tự hành?,tra_cuu
407,Kỹ thuật nào giúp hợp nhất dữ liệu từ nhiều cảm biến khác nhau nhằm nâng cao độ chính xác và độ tin cậy của thông tin?,tra_cuu
408,"Mô tả các thành phần cảm biến, thuật toán và thách thức của hệ thống thị giác máy tính thế hệ tiếp theo cho xe tự hành.",tra_cuu
409,Thách thức quan trọng nhất đối với xử lý thời gian thực trong xe tự hành là gì?,tra_cuu
410,"Theo tài liệu Public_084, xu hướng tương lai nào cho phép xe giao tiếp trực tiếp với hạ tầng giao thông?",tra_cuu
411,Kỹ thuật nào cho phép robot học từ phản hồi môi trường để tối ưu hành động?,tra_cuu
412,Cảm biến nào giúp robot điều chỉnh lực cầm nắm chính xác?,tra_cuu
413,"Nêu chi tiết cách các cơ chế học của robot công nghiệp tự học được áp dụng để cải thiện thuật toán lập kế hoạch đường đi trong môi trường nhà máy thông minh, kèm theo các ví dụ thực tiễn.",tra_cuu
414,Thách thức quan trọng khi triển khai robot tự học là gì?,tra_cuu
415,Phương pháp nào giảm chi phí huấn luyện robot trong thế giới thực?,tra_cuu
416,"Theo tài liệu Public_086, lợi ích lớn nhất của AI trong quản lý năng lượng tái tạo là gì?",tra_cuu
417,Công nghệ nào cho phép xử lý dữ liệu nhanh ngay tại nguồn phát sinh?,tra_cuu
418,"Phân tích vai trò của AI trong dự báo, tối ưu và điều phối năng lượng tái tạo cho thành phố thông minh, đồng thời nêu rõ hạ tầng công nghệ hỗ trợ.",tra_cuu
419,Thách thức chính trong việc triển khai AI quản lý năng lượng tái tạo là gì?,tra_cuu
420,Xu hướng nào cho phép giao dịch điện năng trực tiếp giữa các hộ dân?,tra_cuu
421,Yếu tố chính khiến AI quan trọng trong giám sát chất lượng không khí đô thị?,tra_cuu
422,Công nghệ nào kết hợp dữ liệu cảm biến và vệ tinh để dự đoán ô nhiễm?,tra_cuu
423,Mô tả kiến trúc cảm biến và vai trò của trí tuệ nhân tạo (AI) trong dự báo và phát hiện bất thường về chất lượng không khí đô thị.,tra_cuu
424,"Theo tài liệu Public_087, thách thức lớn khi triển khai hệ thống AI giám sát không khí là gì?",tra_cuu
425,Những công nghệ hoặc phương pháp luận tương lai nào hỗ trợ việc thử nghiệm chính sách môi trường trong mô hình ảo?,tra_cuu
426,Lợi thế lưu trữ của DNA so với ổ cứng truyền thống là gì?,tra_cuu
427,Quá trình nào trong DNA đóng vai trò như cổng logic trong tính toán sinh học?,tra_cuu
428,"Giải thích nguyên lý tính toán dựa trên DNA và các ứng dụng nổi bật trong y sinh học, đồng thời nêu ưu thế so với máy tính silicon.",tra_cuu
429,Thách thức lớn nhất của biocomputing hiện nay là gì?,tra_cuu
430,Xu hướng nào cho phép kết hợp ưu điểm của điện tử và DNA?,tra_cuu
431,Hiện tượng nào đặc trưng của vật liệu siêu dẫn?,tra_cuu
432,Hợp chất nào đã cho thấy siêu dẫn gần nhiệt độ phòng khi nén áp suất cao?,tra_cuu
433,Tài liệu Public_089 trình bày những tiến bộ nào trong việc đạt siêu dẫn nhiệt độ phòng?,tra_cuu
434,Thách thức lớn nhất để thương mại hóa siêu dẫn nhiệt độ phòng?,tra_cuu
435,Công nghệ nào hỗ trợ khám phá vật liệu siêu dẫn mới nhanh hơn?,tra_cuu
436,Điểm khác biệt cốt lõi của máy tính neuromorphic so với kiến trúc Von Neumann là gì?,tra_cuu
437,"Trong các mạng thần kinh nhân tạo, thành phần nào đóng vai trò tương tự synapse sinh học?",tra_cuu
438,"Mô tả kiến trúc và nguyên lý của máy tính neuromorphic lấy cảm hứng từ não người, so sánh với kiến trúc Von Neumann và nêu ứng dụng AI.",tra_cuu
439,Ứng dụng nào nổi bật của chip neuromorphic trong y tế?,tra_cuu
440,Thách thức lớn nhất trong thương mại hóa chip neuromorphic hiện nay là gì?,tra_cuu
441,Điểm khác biệt lớn nhất của pin thể rắn so với pin lithium-ion truyền thống là gì?,tra_cuu
442,Ưu điểm quan trọng nhất giúp pin thể rắn an toàn hơn?,tra_cuu
443,"Dựa trên tài liệu Public_091, hãy phân tích cấu trúc, nguyên lý, ưu điểm của pin thể rắn so với lithium-ion, nêu ứng dụng thực tế và thách thức.",tra_cuu
444,Thách thức chính cản trở thương mại hóa pin thể rắn là gì?,tra_cuu
445,"Theo tài liệu Public_091, những xu hướng nghiên cứu nào giúp tăng tính ổn định của pin thể rắn?",tra_cuu
446,Điểm đặc trưng của siêu vật liệu so với vật liệu tự nhiên là gì?,tra_cuu
447,Công nghệ nào trong mạng 6G tận dụng siêu vật liệu để tăng vùng phủ sóng?,tra_cuu
448,"Giải thích cấu trúc, nguyên lý và ứng dụng siêu vật liệu trong điều khiển sóng điện từ và mạng 6G.",tra_cuu
449,Thách thức lớn nhất hiện nay khi thương mại hóa siêu vật liệu?,tra_cuu
450,"Theo tài liệu Public_092, xu hướng nào hứa hẹn tối ưu hoạt động RIS trong 6G?",tra_cuu
451,Điểm khác biệt chính của máy tính quang học so với điện tử?,tra_cuu
452,Thành phần nào cho phép thực hiện phép nhân–cộng ma trận bằng ánh sáng?,tra_cuu
453,"Trình bày nguyên lý tính toán bằng photon, lợi ích và ứng dụng trong AI thế hệ mới.",tra_cuu
454,Thách thức quan trọng nhất trong sản xuất chip quang?,tra_cuu
455,Ứng dụng nào hưởng lợi trực tiếp từ suy luận thời gian thực của photonic computing?,tra_cuu
456,Công cụ chính để mô phỏng sự hình thành vũ trụ được thảo luận trong tài liệu Public_094 là gì?,tra_cuu
457,"Theo tài liệu Public_094, mô phỏng N-body chủ yếu tái hiện điều gì?",tra_cuu
458,"Mô tả mục tiêu, công nghệ mô phỏng và ứng dụng của vũ trụ học tính toán trong nghiên cứu vũ trụ.",tra_cuu
459,Thách thức lớn nhất hiện nay của vũ trụ học tính toán là gì?,tra_cuu
460,Công nghệ tương lai nào hứa hẹn tăng độ phân giải mô phỏng vũ trụ?,tra_cuu
461,Thách thức lớn nhất của Sao Hỏa khiến nước khó tồn tại ở dạng lỏng?,tra_cuu
462,Biện pháp nào có thể tạo từ trường nhân tạo cho Sao Hỏa?,tra_cuu
463,"Phân tích các phương pháp cải tạo khí hậu Sao Hỏa, công nghệ hỗ trợ và thách thức đạo đức – kỹ thuật.",tra_cuu
464,"Theo tài liệu Public_095, công nghệ nào giúp xây dựng cơ sở hạ tầng tự động trên Sao Hỏa?",tra_cuu
465,Public_095 thảo luận về những vấn đề đạo đức nào liên quan đến việc terraform Sao Hỏa?,tra_cuu
466,Điều kiện cần thiết để quá trình nhiệt hạch xảy ra là gì?,tra_cuu
467,Lò phản ứng Tokamak là gì?,tra_cuu
468,"Phân tích nguyên lý hoạt động, nhiên liệu, ưu điểm và các công nghệ lò phản ứng nhiệt hạch, đồng thời nêu các thách thức kỹ thuật – kinh tế trong thương mại hóa.",tra_cuu
469,Dự án quốc tế nào đang xây dựng lò phản ứng 500 MW ở Pháp?,tra_cuu
470,"Theo tài liệu Public_096, thách thức kỹ thuật trọng yếu của nhiệt hạch là gì?",tra_cuu
471,Sản phẩm phụ duy nhất của pin nhiên liệu hydro là gì?,tra_cuu
472,Ưu điểm lớn của hydro so với pin lithium-ion cho xe tải đường dài?,tra_cuu
473,"Giải thích nguyên lý pin nhiên liệu hydro và ứng dụng trong giao thông, đồng thời nêu lợi ích và thách thức hạ tầng.",tra_cuu
474,Thách thức lớn nhất để triển khai đại trà giao thông hydro?,tra_cuu
475,Hãng xe nào đã thương mại hóa xe hơi chạy pin nhiên liệu hydro?,tra_cuu
476,Cơ chế lưu trữ năng lượng của siêu tụ điện dựa trên gì?,tra_cuu
477,Ưu điểm nổi bật giúp siêu tụ phù hợp cho xe buýt điện đô thị?,tra_cuu
478,"Trình bày cơ chế hoạt động, ưu điểm, và ứng dụng của siêu tụ điện trong giao thông bền vững, đồng thời so sánh với pin truyền thống.",tra_cuu
479,Ứng dụng nào tận dụng siêu tụ để thu hồi năng lượng phanh?,tra_cuu
480,Hạn chế chính của siêu tụ điện so với pin lithium-ion là gì?,tra_cuu
481,Ưu điểm lớn nhất của pin natri-ion so với pin lithium-ion là gì?,tra_cuu
482,Thách thức kỹ thuật chính của pin natri-ion hiện nay?,tra_cuu
483,"Mô tả cấu trúc, cơ chế và lợi ích chiến lược của pin natri-ion, nêu ứng dụng thực tế và các thách thức hiện nay.",tra_cuu
484,Công ty nào công bố pin natri-ion thương mại đầu tiên?,tra_cuu
485,Lợi ích xã hội quan trọng khi phát triển pin natri-ion?,tra_cuu
486,Điện toán không gian kết hợp những công nghệ nào để tạo trải nghiệm 3D thực?,tra_cuu
487,Ứng dụng nào minh họa rõ nhất lợi ích của điện toán không gian trong y tế?,tra_cuu
488,"Giải thích khái niệm, thành phần cốt lõi và các ứng dụng tiêu biểu của điện toán không gian, đồng thời phân tích thách thức triển khai.",tra_cuu
489,Cấu hình hạ tầng mạng nào cần thiết để đảm bảo độ trễ thấp và băng thông cao cho trải nghiệm thực tế ảo (VR) mượt mà?,tra_cuu
490,Những xu hướng công nghệ tương lai quan trọng nào trong lĩnh vực điện toán không gian dự kiến sẽ tác động đến các ngành công nghiệp chính trong 5 năm tới?,tra_cuu
491,"Cho ma trận hiệp phương sai S của dữ liệu đã chuẩn hoá có các trị riêng λ1=5,λ2=2,λ3=1,λ4=0.5\lambda_1=5, \lambda_2=2, \lambda_3=1, \lambda_4=0.5λ1​=5,λ2​=2,λ3​=1,λ4​=0.5 (giảm dần). Nếu chọn K=2K=2K=2 thành phần chính, tỉ lệ phương sai được giữ lại là bao nhiêu?",tinh_toan
492,"Trong hiện tượng nhiễu xạ, (1) khi nào xảy ra nhiễu xạ Fresnel, và (2) khi nào xảy ra nhiễu xạ Fraunhofer?",tra_cuu
493,Hiện tượng giao thoa sóng xảy ra khi nào?,tra_cuu
494,Mét được định nghĩa dựa trên hiện tượng nào và giây được định nghĩa dựa trên dao động của nguyên tử nào?,tra_cuu
495,Nếu forget gate trong LSTM có giá trị bằng 0 thì điều gì xảy ra với thông tin lưu trữ trong cell state?,tra_cuu
496,"Nội dung chính của tài liệu Public_124, hướng dẫn khai báo QoS cho thiết bị truyền dẫn Viba, là gì?",tra_cuu
497,Ai là người giải thích thành công hiện tượng quang điện bằng thuyết lượng tử ánh sáng?,tra_cuu
498,"Trong tài liệu Public_120, cho điểm X1 = (5, 2, 4); X2 = (3, 8, 1). Tính khoảng cách Euclidean của chúng dựa trên công thức trong phần MLkNN.",tinh_toan
499,"Dựa trên kết quả CIFAR-10, độ chênh lệch tỉ lệ nhận dạng đúng giữa SGD with momentum và AdaDelta là bao nhiêu phần trăm?",tra_cuu
500,Hiện tượng quang điện ngoài là gì?,tra_cuu
501,Điều kiện cần và đủ để một vật rắn ở trạng thái cân bằng là:,tra_cuu
502,"Một điện tích thử q=+2 Cq = +2 \, Cq=+2C được dịch chuyển trong điện trường từ điểm M đến điểm N. Công của lực điện thực hiện là 10 J10 \, J10J. Hiệu điện thế giữa hai điểm M và N bằng bao nhiêu?",tinh_toan
503,Một ngọn lửa đèn cồn có chứa muối Na khi đốt sẽ cho ánh sáng màu vàng đặc trưng. Ánh sáng này thuộc loại quang phổ nào?,tra_cuu
504,Đơn vị của công và năng lượng trong hệ SI là:,tra_cuu
505,Hàm mục tiêu Fisher cho bài toán 2 lớp được viết dưới dạng nào?,tra_cuu
506,"Theo tài liệu Public_111, công thức tính xác suất đồng thời của mạng Bayes dựa trên công thức toán học nào?",tra_cuu
507,Hai thuật toán quan trọng trong Linear-Chain CRFs lần lượt được dùng cho huấn luyện và suy luận là gì?,tra_cuu
508,"Trong chuyển động tròn đều, vectơ vận tốc của vật luôn:",tra_cuu
509,Điểm chung của mọi dạng chuyển động trong không gian hai chiều là:,tra_cuu
510,Nghiệm w tối ưu (Fisher) có thể chọn tỉ lệ theo biểu thức nào?,tra_cuu
511,Trọng tâm của một vật rắn là:,tra_cuu
512,Ứng dụng quan trọng của âm học trong thực tiễn là gì?,tra_cuu
513,Mô hình nào sử dụng self-attention để thay thế RNN trong hệ gợi ý tuần tự?,tra_cuu
514,"Trong va chạm đàn hồi, động lượng của hệ có đặc điểm gì và năng lượng của hệ có đặc điểm gì?",tra_cuu
515,"Một sợi dây dài 1,2m được căng cố định hai đầu. Trên dây có sóng dừng với 3 bụng sóng. Biết vận tốc truyền sóng trên dây là 60m/s. Tần số của sóng bằng bao nhiêu?",tinh_toan
516,Khái niệm cân bằng tĩnh thường được ứng dụng nhiều nhất trong lĩnh vực nào?,tra_cuu
517,Đơn vị của tốc độ góc trong hệ SI là:,tra_cuu
518,"Theo tài liệu Public_124, chỉ số CDR và HOSR lần lượt có ý nghĩa gì?",tra_cuu
519,Trình bày nội dung chính của Định lý công - động năng.,tra_cuu
520,"Dựa trên thông tin từ tài liệu Public_110 về BERT4Rec và chuỗi sản phẩm, nếu trong một chuỗi lịch sử gồm 10 sản phẩm, BERT4Rec ẩn ngẫu nhiên 20% để dự đoán lại, thì có bao nhiêu sản phẩm bị ẩn?",tra_cuu
521,"Định luật II Newton cho biết mối quan hệ giữa lực và gia tốc, và định luật III Newton mô tả mối quan hệ giữa hai lực nào?",tra_cuu
522,"Sử dụng tài liệu `Public_117`, tính P(y=1∣x=1) theo quy tắc Bayes với y∈{0,1} có P(y=1)=0.4 và x∈{0,1} có P(x=1∣y=1)=0.9, P(x=1∣y=0)=0.2.",tinh_toan
523,"Trong nghiên cứu quang phổ, (1) quang phổ vạch phát xạ xuất hiện khi nào, và (2) quang phổ vạch hấp thụ xuất hiện khi nào?",tra_cuu
524,Điểm chung của các chuẩn đo lường cơ bản trong hệ SI là:,tra_cuu
525,"Áp kế thủy ngân của Torricelli được dùng để đo đại lượng nào, và giá trị đo phụ thuộc vào yếu tố nào?",tra_cuu
526,"Một vật có diện tích đáy tiếp xúc với chất lỏng là 0,5 𝑚2. Nếu áp suất của chất lỏng tác dụng lên bề mặt đó là 2000Pa, thì lực mà chất lỏng tác dụng lên vật là bao nhiêu?",tinh_toan
527,"Trong nguyên tử Hydro, khi electron chuyển từ mức năng lượng cao xuống mức thấp hơn, dạng năng lượng nào được phát ra?",tra_cuu
528,"Trong hệ tọa độ cực, một điểm có tọa độ (r, θ). Công thức chuyển đổi sang tọa độ Descartes là:",tra_cuu
529,CIDNet sử dụng kiến trúc mạng nào để xử lý ảnh ánh sáng yếu?,tra_cuu
530,Lực ma sát trượt có những đặc điểm nào?,tra_cuu
531,Công do một lực sinh ra được tính bằng:,tinh_toan
532,"Trong quá trình ước lượng chiếu sáng kép, ảnh đảo ngược (I_inv) được dùng để làm gì?",tra_cuu
533,Mục tiêu chính của phương pháp dual illumination estimation được trình bày trong tài liệu Public_122 là gì?,tra_cuu
534,BERT4Rec sử dụng mục tiêu huấn luyện nào để dự đoán sản phẩm bị ẩn?,tra_cuu
535,"Trong thí nghiệm giao thoa sóng mặt nước, tại những điểm cực đại giao thoa ta có đặc điểm gì?",tra_cuu
536,Nội dung chính của tài liệu Public_112 là gì?,tra_cuu
537,Biến forward αt(i) trong thuật toán Forward biểu diễn điều gì?,tra_cuu
538,Văn bản chủ yếu tập trung nghiên cứu vấn đề gì?,tra_cuu
539,"Trong ví dụ của tài liệu, Linear-Chain CRFs được minh họa cho hai bài toán nào?",tra_cuu
540,"Trong sóng dừng trên sợi dây, (1) bụng sóng có đặc điểm dao động gì, và (2) nút sóng có đặc điểm dao động thế nào?",tra_cuu
541,"Theo Bohr, (1) electron chỉ tồn tại ổn định ở đâu, và (2) khi electron chuyển quỹ đạo thì điều gì xảy ra?",tra_cuu
542,Thuật toán nào thường được dùng để tối ưu tham số trong huấn luyện mạng nơ-ron sâu?,tra_cuu
543,Tia sáng truyền từ không khí vào nước bị gãy khúc. Hiện tượng này gọi là gì?,tra_cuu
544,Hai giả định cơ bản của Hidden Markov Model là gì?,tra_cuu
545,Nội dung chính của tài liệu tập trung vào vấn đề gì?,tra_cuu
546,Muốn một vật rắn ở trạng thái cân bằng cần điều kiện gì về lực và điều kiện gì về mômen lực?,tra_cuu
547,"Trong hiện tượng quang điện, (1) điều kiện để electron quang điện bật ra khỏi kim loại là gì, và (2) năng lượng dư thừa sau khi thắng công thoát biến thành dạng nào?",tra_cuu
548,"Giả sử 2 lớp có m1−m2 = [2, −1]^T, và S_W = [[5, 1], [1, 2]]. Tính hướng phân biệt tuyến tính của Fisher (Fisher's linear discriminant direction) w, biết rằng w tỉ lệ với S_W^{-1}(m1−m2).",tinh_toan
549,Định luật I Newton còn được gọi là:,tra_cuu
550,Một người nghe thấy hai âm có tần số lần lượt là 440 Hz và 442 Hz phát ra cùng lúc. Hiện tượng gì xảy ra và số nhịp đập trong 1 giây là bao nhiêu?,tinh_toan
551,Điều kiện cần và đủ để một vật rắn ở trạng thái cân bằng tĩnh là:,tra_cuu
552,Adam và RMSProp khác nhau ở đặc điểm nào?,tra_cuu
553,Ý nghĩa quan trọng nhất của mẫu nguyên tử Bohr là gì?,tra_cuu
554,Nội dung chính của tài liệu 'Public_110' nói về điều gì?,tra_cuu
555,Nội dung chính của bài báo nghiên cứu Public_108 là gì?,tra_cuu
556,"Theo tài liệu Public_102, nếu chuỗi đầu vào có 4 từ và mỗi từ có thể gán 3 nhãn khác nhau, tổng số cấu hình nhãn có thể có là bao nhiêu?",tra_cuu
557,"Theo tài liệu Public_111, hai thành phần cơ bản của mạng Bayes là gì?",tra_cuu
558,Những ứng dụng quan trọng của hiện tượng nhiễu xạ và phân cực ánh sáng là gì?,tra_cuu
559,Tính chất quan trọng nhất của đại lượng vectơ khi so sánh với đại lượng vô hướng là:,tra_cuu
560,Thuật toán nào được dùng để suy luận (tìm chuỗi nhãn tối ưu) trong Linear-Chain CRFs?,tra_cuu
561,"Hai điện tích điểm cùng dấu đặt cách nhau 
0,2m thì đẩy nhau bằng lực 
9N. Nếu giữ nguyên các điện tích đó nhưng tăng khoảng cách giữa chúng lên gấp đôi, thì lực tác dụng giữa chúng còn bao nhiêu?",tinh_toan
562,Phần 'Xác suất' trong tài liệu Public_117 chủ yếu trình bày nội dung gì?,tra_cuu
563,Tư tưởng xuyên suốt của ba định luật Newton trong cơ học cổ điển là:,tra_cuu
564,"Dựa vào nội dung tài liệu Public_131, hãy tính vận tốc sau va chạm của hai vật trong trường hợp một vật khối lượng 2 kg chuyển động với vận tốc 4 m/s va chạm trực diện, dính chặt vào một vật khối lượng 3 kg đang đứng yên.",tinh_toan
565,Đơn vị chuẩn của độ dài trong hệ SI hiện nay được định nghĩa dựa trên:,tra_cuu
566,"Dựa trên tài liệu Public_117, phát biểu nào đúng về hàm mật độ xác suất (pdf) của biến ngẫu nhiên liên tục x?",tra_cuu
567,"Dựa vào Document Index: Public_129, hãy trình bày công thức hoặc phương pháp tính gia tốc của một vật khi biết khối lượng, lực kéo ngang và hệ số ma sát trượt.",tra_cuu
568,"Một thanh đồng chất dài 4 m, khối lượng 40 kg được đặt nằm ngang trên hai giá đỡ ở hai đầu. Một vật nặng 20 kg được đặt tại điểm cách đầu trái của thanh 1 m. Hỏi phản lực của giá đỡ bên phải bằng bao nhiêu? (Lấy g = 10 m/s²).",tinh_toan
569,Tóm tắt nội dung chính của phần Linear-Chain CRFs trong tài liệu Public_102?,tra_cuu
570,"Nếu một HMM có 3 trạng thái ẩn (N=3) và chuỗi quan sát dài 4 bước (T=4), độ phức tạp của thuật toán Forward là bao nhiêu?",tinh_toan
571,Nội dung chính của tài liệu Public_116 là gì?,tra_cuu
572,Nội dung chính của thuật toán đàn kiến (ACO) là gì?,tra_cuu
573,Điện thế tại một điểm trong điện trường đặc trưng cho điều gì?,tra_cuu
574,Công thức marginal p(x)p(x)p(x) và conditional p(x∣y)p(x\mid y)p(x∣y) lần lượt là gì?,tra_cuu
575,Phương của vectơ mômen lực (τ) được xác định theo quy tắc nào?,tra_cuu
576,"Nếu một ảnh có nhiều khác biệt mức xám xuất hiện lặp lại, sau khi áp dụng LDR ảnh đầu ra sẽ có đặc điểm gì?",tra_cuu
577,Nội dung chính của phần 2 của tài liệu Public_121 là gì?,tra_cuu
578,Nội dung chính của phương pháp LDR trong tăng cường tương phản là gì?,tra_cuu
579,"Trong tài liệu Public_122, thuật toán được mô tả khôi phục chi tiết vùng tối bị mất bằng thành phần nào?",tra_cuu
580,Thuật toán nào thường được sử dụng để giải quyết bài toán Đánh giá và Học trong HMM?,tra_cuu
581,Tóm tắt nội dung chính của phần huấn luyện và suy luận Linear-Chain CRFs?,tra_cuu
582,Giả sử tại t=0 có 30 kiến ở B và 30 kiến ở D (theo ví dụ hình 2). Trung bình có bao nhiêu kiến từ nút B và từ nút D đi qua C khi chúng lựa chọn đường đi ngẫu nhiên?,tra_cuu
583,Giá trị của đo độ Hamming Loss trong trường hợp lí tưởng bằng bao nhiêu?,tra_cuu
584,Thuật toán nào có tỉ lệ nhận dạng đúng cao nhất trên tập MNIST?,tra_cuu
585,"Phân loại Naive Bayes đòi hỏi tính các xác suất điều kiện thành phần P(xi | cj) = nc / n. Trong một số trường hợp thực tế, nc có thể rất nhỏ, thậm chí = 0. Khi đó kĩ thuật nào sẽ được sử dụng?",tra_cuu
586,Mạng Bayes giải quyết vấn đề căn bản nào của các bài toán tìm kiếm liên quan đến sự không chắc chắn hoặc suy luận xác suất?,tra_cuu
587,"Khi ánh sáng mặt trời phản xạ trên mặt hồ, tại sao ta thường thấy ánh sáng chói bị giảm bớt khi đeo kính râm phân cực?",tra_cuu
588,CDR là viết tắt của chỉ số nào trong viễn thông?,tra_cuu
589,"Nếu mạng ghi nhận 1.000 cuộc gọi và 25 cuộc bị rớt, hãy tính Tỷ lệ rớt cuộc gọi (CDR).",tinh_toan
590,Thành phần nào trong học tăng cường đóng vai trò quyết định hành động để tối đa hóa phần thưởng?,tra_cuu
591,"Trong chuyển động tròn đều, lực nào giữ cho vật chuyển động theo quỹ đạo tròn và gia tốc nào luôn xuất hiện?",tra_cuu
592,Đặc trưng nào dưới đây định nghĩa một dao động điều hòa tắt?,tra_cuu
593,SASRec và BERT4Rec khác nhau chủ yếu ở những điểm nào?,tra_cuu
594,Ý nghĩa quan trọng của hiện tượng quang điện đối với vật lý hiện đại là gì?,tra_cuu
595,Trọng lực tác dụng lên một vật là gì?,tra_cuu
596,Đâu không phải là một ứng dụng thực tế của phân loại Naive Bayes?,tra_cuu
597,Hiện tượng nào là cơ sở của công nghệ sợi quang?,tra_cuu
598,Thành phần nào đảm bảo làm nổi bật các khác biệt mức xám xuất hiện thường xuyên trong thuật toán LDR?,tra_cuu
599,"Trong hiện tượng giao thoa sóng, (1) điều kiện về tần số của các nguồn dao động phải thế nào, và (2) đặc điểm của các điểm cực tiểu giao thoa ra sao?",tra_cuu
600,Nội dung chính của phần 1 tài liệu Public_107 về Gradient Descent là gì?,tra_cuu
601,"Trong lý thuyết điện trường, (1) định luật Coulomb mô tả điều gì, và (2) khái niệm điện trường được dùng để giải thích hiện tượng nào?",tra_cuu
602,"Trong cân bằng tịnh tiến, điều kiện nào phải thỏa mãn?",tra_cuu
603,Phương pháp đánh giá các mô hình phân lớp đa nhãn (MLL) được nhắc tới trong tài liệu là gì?,tra_cuu
604,Histogram Equalization (HE) và Contextual Visual Contrast (CVC) có hạn chế gì?,tra_cuu
605,"Thuật toán nào được sử dụng cho: (1) Tính xác suất chuỗi quan sát, (2) Tìm chuỗi trạng thái tối ưu?",tinh_toan
606,Ưu điểm và nhược điểm chính của RNN là gì?,tra_cuu
607,Công cơ học dương xảy ra trong trường hợp nào và công cơ học âm xảy ra trong trường hợp nào?,tra_cuu
608,Hệ thống Ant Colony System (ACS) và Max-Min Ant System (MMAS) có điểm gì nổi bật?,tra_cuu
609,Tọa độ góc trong chuyển động quay của vật rắn có vai trò tương tự như đại lượng nào trong chuyển động tịnh tiến?,tra_cuu
610,Kiến trúc SASRec dựa trên mô hình nào?,tra_cuu
611,"Với hàm f(x)=x2+5sin⁡(x)f(x) = x^2 + 5\sin(x)f(x)=x2+5sin(x), đạo hàm là f′(x)=2x+5cos⁡(x)f'(x) = 2x + 5\cos(x)f′(x)=2x+5cos(x). Nếu khởi tạo x0=−5x_0 = -5x0​=−5, learning rate η=0.1\eta = 0.1η=0.1, thuật toán hội tụ sau khoảng bao nhiêu vòng lặp theo tài liệu?",tinh_toan
612,Điểm then chốt để phân biệt va chạm đàn hồi và va chạm mềm là:,tra_cuu
613,Nội dung chính phần 2 của tài liệu HMM (Public_105) là gì?,tra_cuu
614,Ai là người đề xuất mẫu nguyên tử dựa trên quỹ đạo dừng và bức xạ/thu năng lượng rời rạc?,tra_cuu
615,"Một học sinh ngồi trên ghế xoay cầm hai quả tạ 3 kg, ban đầu dang tay ra cách trục 1,0 m và quay với tốc độ góc 0,75 rad/s. Khi co tay lại còn cách 0,3 m, hãy cho biết tốc độ góc mới so với ban đầu:",tinh_toan
616,"Theo tài liệu Public_113, ý tưởng cốt lõi của RNN là gì?",tra_cuu
617,Quang phổ liên tục được tạo thành trong điều kiện nào?,tra_cuu
618,"Theo tài liệu Public_144, nguyên tắc quan trọng cần nhớ khi nghiên cứu về điện trường là gì?",tra_cuu
619,Nhiễu xạ ánh sáng là gì?,tra_cuu
620,Định luật vạn vật hấp dẫn do Newton phát biểu năm nào?,tra_cuu
621,Hiệu điện thế giữa hai điểm trong điện trường là gì?,tra_cuu
622,"Khi nào sóng dừng hình thành, theo tài liệu Public_142?",tra_cuu
623,Đặc điểm nào định nghĩa chuyển động tròn đều?,tra_cuu
624,"Trong PCA, công thức của ma trận hiệp phương sai SSS và toạ độ sau khi chiếu Z (trên K thành phần chính) lần lượt là gì?",tra_cuu
625,Đơn vị chuẩn của thời gian (giây) hiện nay được định nghĩa dựa trên:,tra_cuu
626,Nội dung chính của tài liệu Public_115 đề xuất điều gì?,tra_cuu
627,Nội dung chính của tài liệu về CNN tập trung vào vấn đề gì?,tra_cuu
628,"Với một câu đầu vào có 4 từ và mỗi từ có thể gán 4 nhãn khác nhau (v, n, p, d), tổng số chuỗi nhãn *có thể có* mà thuật toán Viterbi xem xét là bao nhiêu?",tra_cuu
629,Định luật vạn vật hấp dẫn của Newton giải thích những hiện tượng nào?,tra_cuu
630,Động lượng của một vật phụ thuộc trực tiếp vào:,tra_cuu
631,CSSR phản ánh điều gì trong chất lượng mạng?,tra_cuu
632,Nội dung chính của phần 1 trong tài liệu Public_111 là gì?,tra_cuu
633,“Learning rate” (ký hiệu η\etaη) trong Gradient Descent có vai trò gì?,tra_cuu
634,“Mômen động lượng của một vật rắn quay quanh trục z được xác định bởi đại lượng nào và điều kiện nào khiến nó được bảo toàn?”,tra_cuu
635,"Trong âm học, (1) đặc trưng nào quyết định độ to nhỏ của âm, và (2) đặc trưng nào quyết định âm sắc?",tra_cuu
636,Đặc trưng vật lý nào quyết định độ cao (trầm hay bổng) của âm?,tra_cuu
637,Thuật toán nào thường dùng để giải quyết bài toán giải mã cho các mã sửa lỗi?,tra_cuu
638,GRU4Rec và BERT4Rec khác nhau chủ yếu ở điểm nào?,tra_cuu
639,"Với một HMM có N trạng thái và chuỗi quan sát độ dài T, độ phức tạp của thuật toán Viterbi là bao nhiêu?",tra_cuu
640,"Trong tài liệu Public_146, bản chất ánh sáng được khẳng định như thế nào?",tra_cuu
641,LDR là viết tắt của gì trong xử lý ảnh?,tra_cuu
642,"Một vật rắn ở trạng thái cân bằng tĩnh phải thỏa mãn điều kiện nào, và trong cân bằng quay thì gia tốc góc của vật có giá trị bao nhiêu?",tinh_toan
643,"Theo tài liệu Public_142, tại nút sóng của sóng dừng có đặc điểm gì?",tra_cuu
644,Các yếu tố nào được sử dụng để tính bản đồ trọng số (weight map) trong bước multi-exposure fusion?,tra_cuu
645,Nguyên lý bảo toàn mômen động lượng phát biểu những gì?,tra_cuu
646,"Theo tài liệu Public_131, định luật bảo toàn động lượng khẳng định điều gì trong hệ cô lập?",tra_cuu
647,"Theo tài liệu Public_140, sóng cơ học là gì?",tra_cuu
648,Thuật toán Q-Learning là thuộc loại nào trong học tăng cường?,tra_cuu
649,"Cho 5 đối tượng được xếp hạng tương ứng là A, C, E, D, B; một xếp hạng của đối tượng cần đánh giá là A, E, B, D, C. Tính chỉ số MAP (Mean Average Precision) theo công thức được cho trong tài liệu Public_121.",tinh_toan
650,Các ứng dụng thực tế của hiện tượng giao thoa sóng trong nghiên cứu khoa học và kỹ thuật được trình bày trong tài liệu Public_141 là gì?,tra_cuu
651,Bộ dữ liệu CIFAR-10 gồm bao nhiêu hình ảnh dùng cho huấn luyện?,tra_cuu
652,"Một vật chuyển động tròn đều bán kính 2 m, tốc độ góc 10 rad/s. Hãy tính vận tốc dài của vật.",tinh_toan
653,Công thức tính kích thước đầu ra (W2) trong phép tích chập phụ thuộc vào những yếu tố nào?,tra_cuu
654,Ứng dụng của hiệu điện thế trong việc truyền tải và phân phối điện năng là gì?,tra_cuu
655,Linear-Chain CRFs thường được áp dụng trong bài toán nào?,tra_cuu
656,"Trong thiết kế tập trung, node nào chịu trách nhiệm tổng hợp gradient và cập nhật tham số mô hình?",tra_cuu
657,"Sử dụng thông tin từ tài liệu Public_126, hãy cho biết quãng đường ánh sáng đi được trong chân không trong 1 microsecond (1 µs = 10⁻⁶ s).",tra_cuu
658,Đơn vị của áp suất trong hệ SI là gì?,tra_cuu
659,Ai là người đầu tiên đưa ra bằng chứng thực nghiệm rõ ràng về bản chất sóng của ánh sáng?,tra_cuu
660,"Trong hệ tọa độ cực, điểm được mô tả bằng những yếu tố nào và hệ tọa độ Descartes mô tả điểm bằng những yếu tố nào?",tra_cuu
661,Đặc điểm đặc biệt của thuộc tính được chọn C(max) trong Naive Bayes theo Public_112 là gì?,tra_cuu
662,"Trong mẫu Bohr, electron chuyển động quanh hạt nhân theo các quỹ đạo như thế nào?",tra_cuu
663,"Trong dao động điều hòa, (1) điều kiện nào để gọi là dao động điều hòa, và (2) đặc điểm của lực hồi phục là gì?",tra_cuu
664,Tóm tắt nội dung chính của văn bản,tra_cuu
665,"Trong chuyển động tròn đều, gia tốc hướng tâm của vật luôn:",tra_cuu
666,Cơ sở của động lực học quay quanh trục cố định được xây dựng trên mối quan hệ nào?,tra_cuu
667,"Trong dao động điều hòa đơn giản của hệ con lắc lò xo (khối lượng m, độ cứng lò xo k), tần số góc ω phụ thuộc vào đại lượng nào?",tra_cuu
668,Thuật toán BFS có độ phức tạp và yêu cầu bộ nhớ như thế nào?,tra_cuu
669,Tìm tài liệu mô tả cơ chế hoạt động của hệ thống truyền lực tạo ra gia tốc khi ô tô tăng tốc và cơ chế hoạt động của hệ thống lái cùng hệ thống treo khi ô tô đổi hướng.,tra_cuu
670,"Trong thiết kế phân tán, cơ chế Allgather dùng để làm gì và ưu điểm chính của thiết kế này là gì?",tra_cuu
671,"Trong trạng thái tĩnh, chất lưu tác dụng lực theo hướng nào lên bề mặt vật?",tra_cuu
672,"Trong chuyển động quay, đại lượng nào đặc trưng cho mức “lười” quay của vật và định lý nào được dùng để tính mômen quán tính khi trục quay không đi qua trọng tâm?",tra_cuu
673,"Nếu một chuỗi có độ dài quá lớn gây ra vấn đề gradient vanish/explode, mô hình nào trong tài liệu Public_109 được thiết kế để giải quyết vấn đề này?",tra_cuu
674,Ứng dụng quan trọng của hiện tượng sóng dừng trong thực tế là gì?,tra_cuu
675,"Một vật khối lượng  m=0,5 kg được treo vào lò xo có độ cứng 
k=200 N/m. Tính chu kỳ T của dao động điều hòa (lấy π≈3,1416).",tinh_toan
676,Tính chất đầy đủ của thuật toán BFS được hiểu như thế nào?,tra_cuu
677,Gradient Descent (GD) cập nhật tham số theo quy tắc nào đối với hàm một biến?,tra_cuu
678,"Một mũi khoan nhỏ mất thời gian Δt để dừng hẳn do mômen ma sát. Nếu thay bằng mũi khoan lớn có mômen quán tính gấp đôi, cùng tốc độ góc ban đầu và cùng mômen ma sát, thì thời gian để dừng lại sẽ là:",tinh_toan
679,"Trong thí nghiệm giao thoa sóng mặt nước với hai nguồn kết hợp cùng pha cách nhau 
10cm, bước sóng của sóng là 2cm. Một điểm M nằm trên đường trung trực của hai nguồn. Tại M sẽ xảy ra hiện tượng gì?",tra_cuu
680,"Nếu có 4 worker trong thiết kế phân tán, mỗi worker tính được gradient ∇L(θ)i\nabla L(\theta)_i. Khi dùng cơ chế trung bình, gradient tổng hợp sẽ được tính như thế nào?",tra_cuu
681,"Theo tài liệu Public_147, một kim loại có công thoát là 2 eV. Nếu chiếu ánh sáng có năng lượng photon đúng bằng 2 eV, thì electron có bật ra không và động năng cực đại bằng bao nhiêu?",tra_cuu
682,"Nếu robot ở trạng thái st nhận phần thưởng tức thời rt = 5, hằng số chiết khấu γ = 0.9, và giá trị Q kỳ vọng của trạng thái kế tiếp là 10, thì giá trị cập nhật Q mới theo Q-Learning sẽ là bao nhiêu (giả sử Q cũ = 0)?",tinh_toan
683,Nội dung chính về BFS trong tài liệu Public_106 là gì?,tra_cuu
684,Mục tiêu cốt lõi của PCA là gì?,tra_cuu
685,Tầng POOL trong CNN có mục đích chính là gì?,tra_cuu
686,"Sử dụng kiến thức từ Tài liệu Public_133, hãy xác định lực mà mỗi giá đỡ tác dụng lên thanh đồng chất dài 2m, khối lượng 10kg, đặt nằm ngang và tựa trên hai giá đỡ tại hai đầu, với trọng lượng thanh tác dụng tại trọng tâm.",tra_cuu
687,Sự khác biệt giữa Feature Map và Activation Map là gì?,tra_cuu
688,"Một điểm có tọa độ Descartes (−3,5;−2,5)(-3,5 ; -2,5)(−3,5;−2,5) m. Hãy xác định tọa độ cực (r, θ) của điểm này.",tinh_toan
689,"Theo thực nghiệm của Millikan, điện tích có tính chất cơ bản nào?",tra_cuu
690,Tác dụng chính của lực hướng tâm trong chuyển động tròn đều là gì?,tra_cuu
691,"Dựa vào tài liệu Public_139, hãy trình bày khái niệm, phương trình dao động và đặc điểm năng lượng của dao động điều hòa.",tra_cuu
692,"Trong điện học, (1) đại lượng nào đặc trưng cho khả năng sinh công của điện trường tại một điểm, và (2) hiệu điện thế có ý nghĩa gì đối với chuyển động của điện tích?",tra_cuu
693,Không gian màu HVI được thiết kế nhằm mục đích chính nào?,tra_cuu
694,Các ứng dụng quan trọng của sóng cơ học trong đời sống và kỹ thuật là gì?,tra_cuu
695,Phát biểu nào đúng về số chiều tối đa sau khi áp dụng multi-class LDA với C lớp?,tra_cuu
696,Nội dung chính của tài liệu Public_122 là gì?,tra_cuu
697,Hệ thức nào về hàm mật độ/phân phối đồng thời là đúng khi hai biến ngẫu nhiên xxx và yyy độc lập?,tra_cuu
698,Một vật có khối lượng 2 kg chuyển động với vận tốc 5 m/s. Động năng của vật bằng:,tinh_toan
699,"Với mức độ rẽ nhánh là b và độ sâu lời giải d, độ phức tạp bộ nhớ của thuật toán BFS là gì?",tra_cuu
700,"Trong thuật toán ACO, ký hiệu nào biểu diễn thông tin kinh nghiệm (heuristic information)?",tra_cuu
701,Ai là người đầu tiên giới thiệu hệ thống Ant System (AS) trong luận văn năm 1992?,tra_cuu
702,Q-Learning và SARSA khác nhau chủ yếu ở điểm nào?,tra_cuu
703,"Trong thuật toán BFS, mỗi trạng thái sinh ra b trạng thái kề. Từ nút gốc sẽ sinh ra b nút với độ sâu 1, các nút này lại sinh ra b2 nút với độ sâu 2,... Giả sử nút đích của bài toán nằm ở độ sâu d. Tổng số nút cần mở rộng để tìm ra nút đích là bao nhiêu?",tinh_toan
704,CRFs mô hình hóa loại xác suất nào?,tra_cuu
705,Hiện tượng quang phổ được ứng dụng chủ yếu để làm gì trong khoa học và kỹ thuật?,tra_cuu
706,"Trong multi-class LDA, các ma trận within-class và between-class là gì?",tra_cuu
707,Chuẩn-2 (spectral norm) của ma trận A được định nghĩa tương đương với đại lượng nào?,tra_cuu
708,Cổng nào trong GRU quyết định mức độ ảnh hưởng của trạng thái trước đó lên trạng thái mới?,tra_cuu
709,Các ứng dụng thực tiễn quan trọng của định luật Pascal trong đời sống và kỹ thuật là gì?,tra_cuu
710,"Yếu tố giữ vai trò quyết định trong việc phân loại cân bằng bền, cân bằng không bền và cân bằng phiếm định là:",tra_cuu
711,Đơn vị của gia tốc hướng tâm trong hệ SI là:,tra_cuu
712,Điện tích dương và điện tích âm có tính chất gì khi tương tác với nhau?,tra_cuu
713,"Một vật nặng 10 kg đặt trên mặt đất chịu tác dụng của trọng lực khoảng bao nhiêu? (Lấy g≈9,8m/s2)",tinh_toan
714,"Nếu ảnh gốc có 3 kênh RGB với giá trị tại 1 điểm ảnh lần lượt là (120, 90, 60), thì giá trị Intensity Map theo định nghĩa trong HVI là bao nhiêu?",tinh_toan
715,"Trong Linear Regression, hàm mất mát và đạo hàm theo công thức trong tài liệu Public_107 lần lượt là gì?",tra_cuu
716,Một ô tô chạy trên đường vòng bán kính 50 m với tốc độ 36 km/h. Hỏi gia tốc hướng tâm của ô tô là bao nhiêu?,tinh_toan
717,Mục tiêu của quá trình huấn luyện Linear-Chain CRFs là gì?,tra_cuu
718,Nhược điểm của thuật toán K láng giềng trong học đa nhãn là gì?,tra_cuu
719,"Trong ứng dụng phân loại văn bản, hai vấn đề chủ yếu cần giải quyết khi sử dụng phân loại Naive Bayes là gì?",tinh_toan
720,Thành phần nào mô tả xác suất chuyển giữa các trạng thái ẩn trong HMM?,tra_cuu
721,"Theo định luật Kepler, tất cả các hành tinh chuyển động trên quỹ đạo nào, và vận tốc bán kính nối từ Mặt Trời đến hành tinh quét diện tích trong thời gian bằng nhau có ý nghĩa gì?",tra_cuu
722,Âm học là ngành nghiên cứu về hiện tượng nào?,tra_cuu
723,Hiện tượng nào giải thích được cả màu sắc cầu vồng và màu đỏ cam lúc hoàng hôn?,tra_cuu
724,"Yếu tố ""đầu ra = 1 nếu dự đoán đúng và = 0 nếu ngược lại"" nằm trong các đo độ nào được nhắc đến trong tài liệu?",tra_cuu
725,"Một sóng cơ truyền dọc theo sợi dây có vận tốc 
v=20m/s. Biết tần số của sóng là 
f=5Hz. Bước sóng của sóng này bằng bao nhiêu?",tinh_toan
726,Hiện tượng con quay hồi chuyển không bị đổ khi quay nhanh là do:,tra_cuu
727,Tiêu chuẩn Rayleigh dùng để làm gì?,tra_cuu
728,"Nếu ảnh đầu vào có kích thước 32×32, bộ lọc 5×5, stride = 1, padding = 0, thì kích thước đầu ra là bao nhiêu?",tinh_toan
729,Chìa khóa giúp LSTM truyền tải thông tin xuyên suốt nhiều bước thời gian là gì?,tra_cuu
730,"Trong vật lý, những đại lượng nào là vô hướng?",tra_cuu
731,Các thành phần nào thuộc cơ chế Lighten Cross-Attention (LCA)?,tra_cuu
732,"Đối với sóng cơ học, (1) cần có điều kiện gì để sóng truyền được, và (2) khi sóng truyền thì năng lượng có đặc điểm gì?",tra_cuu
733,Nội dung chính của tài liệu Hidden Markov Model là gì?,tra_cuu
734,"Trong sóng ngang, các phần tử của môi trường dao động theo hướng nào?",tra_cuu
735,Nội dung chính của tài liệu `Public_120` là gì?,tra_cuu
736,Phương pháp chuyển đổi nhị phân (BR) được hiểu như thế nào?,tra_cuu
737,Định nghĩa quang phổ trong tài liệu Public_149 là gì?,tra_cuu
738,"Trong công thức tính xác suất đồng thời P(X1, X2... Xn) của mạng Bayes có một tham số khác, đó là gì?",tra_cuu
739,Phương pháp chuyển đổi nhị phân được sử dụng trong các thuật toán MLL nào (được nhắc đến trong tài liệu)?,tra_cuu
740,"Với ma trận trực giao U (UTU=IU^TU=IUTU=I), biểu diễn toạ độ mới yyy của một vector xxx trong hệ cơ sở U là gì?",tra_cuu
741,"Theo tài liệu Public_195, Trí tuệ nhân tạo (AI) trong giáo dục bắt đầu được biết đến mạnh mẽ từ năm nào?",tra_cuu
742,"Theo tài liệu, trong mô hình phòng vệ theo chiều sâu (Defence in Depth), yếu tố nào được coi là lớp bảo vệ đầu tiên?


",tra_cuu
743,"Theo tài liệu, trong quá trình đăng ký Tableau, người dùng cần cung cấp một số thông tin cá nhân. Nếu một người dùng nhập sai địa chỉ email trong bước đăng ký, hệ quả nào có thể xảy ra?
",tra_cuu
744,"Theo tài liệu Public_180, Stress Testing và Soak Testing là gì?",tra_cuu
745,"Theo tài liệu Public_194, MongoDB là gì?",tra_cuu
746,"Khi lựa chọn công cụ AI để thiết kế học liệu điện tử, giáo viên nên ưu tiên tiêu chí nào quan trọng nhất để đảm bảo hiệu quả dạy học?",tra_cuu
747,Nêu 1 ưu điểm và 1 nhược điểm của Oracle được đề cập trong tài liệu Public_190.,tra_cuu
748,"Trong bảy vùng của hạ tầng CNTT, nếu một tổ chức chỉ tập trung bảo mật kỹ ở vùng WAN mà bỏ qua vùng Người dùng (User domain), hệ quả nào có khả năng xảy ra nhất?
",tra_cuu
749,"Trong giải thuật DES, kích thước hiệu dụng của khóa là bao nhiêu bit?",tra_cuu
750,Các giai đoạn phát triển phần mềm,tra_cuu
751,"Trong tấn công DoS/DDoS, mục tiêu chính của kẻ tấn công là gì?",tra_cuu
752,"Dựa vào tài liệu Public_254, nếu mục tiêu là giấu thông tin trong ảnh rồi truyền đi mà vẫn muốn thông tin ẩn không bị mất khi ảnh bị nén bằng phương pháp không làm mất dữ liệu hoặc chỉnh sửa nhẹ, định dạng ảnh nào là lựa chọn phù hợp nhất?",tra_cuu
753,Điện dung ký hiệu trên tụ gốm thường được ghi theo dạng nào?,tra_cuu
754,Xác định đúng sự kết hợp giữa “loại HTTT” và “vai trò chính” mà văn bản mô tả:,tra_cuu
755,"Qua nội dung của tài liệu Public_166, có thể rút ra nhận định tổng quan nào về quản lý an toàn thông tin?",tra_cuu
756,Các đóng góp cụ thể và cơ chế chính của cách mạng kỹ thuật số trong việc thúc đẩy các mục tiêu phát triển bền vững là gì?,tra_cuu
757,"
Tấn công SYN Flood khai thác điểm yếu nào trong giao thức TCP?",tra_cuu
758,"Theo tài liệu Public_175, người dùng cần có những điều kiện cơ bản nào để sử dụng Zoiper?",tra_cuu
759,"Trong tài liệu có nêu: vi rút, sâu và zombie đều có khả năng tự lây nhiễm (self-infection/self-replicate). Nếu hệ thống bị nhiễm cả vi rút và sâu, nguy cơ nào là đáng lo ngại nhất?",tra_cuu
760,"Theo Phụ lục III, phương thức kết nối đến Cổng dịch vụ chứng thực chữ ký số công cộng là gì?",tra_cuu
761,"Theo kịch bản tấn công Smurf, nếu một mạng LAN có 200 máy và tất cả đều phản hồi ICMP về máy nạn nhân, điều gì có thể xảy ra?",tra_cuu
762,Kafka ban đầu được phát triển bởi ai?,tra_cuu
763,Văn bản phân biệt “di chuyển cơ sở dữ liệu” và “sao chép cơ sở dữ liệu” như thế nào?,tra_cuu
764,"Qua việc so sánh DES, 3-DES và AES, có thể rút ra nhận định tổng quan nào về xu hướng phát triển của các giải thuật mã hóa khóa đối xứng?",tra_cuu
765,"Trong trường hợp, số lượng consumer trong cùng một consumer group nhiều hơn số lượng partition của một topic thì xảy ra vấn đề gì? ",tra_cuu
766,Thuật toán mật mã nào bắt buộc áp dụng cho chữ ký số theo quy định kỹ thuật trong Thông tư?,tra_cuu
767,Mục đích chính của việc bổ sung luồng trình ký Voffice trong hệ thống là gì?,tra_cuu
768,"Theo Microsoft, lỗ hổng bảo mật được phân loại theo mấy mức độ nghiêm trọng?",tra_cuu
769,"Nếu một nhóm phát triển muốn xem xét thay đổi từ repository từ xa trước khi quyết định có nên hợp nhất chúng vào nhánh chính hay không, theo văn bản, họ nên sử dụng thao tác nào, và lý do?",tra_cuu
770, Devops khác biệt gì so với Sysadmin?,tra_cuu
771,Zoiper có thể hỗ trợ nhiều giao thức kết nối và nhiều nền tảng thiết bị. Phần mềm này hỗ trợ những giao thức nào và có thể cài đặt trên những hệ điều hành nào?,tinh_toan
772,"Trong phần “Ưu điểm của PostgreSQL”, văn bản liệt kê những điểm nào?",tra_cuu
773,"Dựa trên thông tin về quantum supremacy của Google và IBM trong tài liệu `Public_199`, nếu một công ty khác tuyên bố có 130 qubit, số qubit này gấp bao nhiêu lần số qubit của Google và hơn số qubit của IBM bao nhiêu?",tra_cuu
774,"Trong học phần An toàn mạng (Network Security), người học cần đạt được những chuẩn đầu ra nào sau đây?",tra_cuu
775,"Theo tài liệu, mã hóa khóa đối xứng còn được gọi bằng tên nào?
",tra_cuu
776,"Khi tạo nhóm làm việc mới trong Tableau, sau khi nhập tên nhóm, người dùng cần thao tác gì tiếp theo?",tra_cuu
777,"Từ các dạng tấn công (SYN Flood, Smurf, DDoS, giả mạo địa chỉ, nghe lén) được mô tả trong tài liệu Public_154, hãy rút ra nhận định tổng quan về đặc điểm của các tấn công từ chối dịch vụ và tấn công mạng.",tra_cuu
778,"Theo tài liệu Public_168, mục tiêu chính của Tableau là gì?",tra_cuu
779,"Theo tài liệu Public_184, HTTT quản lý cung cấp dạng thông tin nào và hệ thống hỗ trợ quyết định cung cấp thông tin gì?",tra_cuu
780,Mục tiêu Phát triển bền vững 6 (SDG 6) của Liên hợp quốc nhằm đảm bảo điều gì?,tra_cuu
781,Lịch sử phát triển các mô hình triển khai ứng dụng,tra_cuu
782,Luồng nhập điểm của giảng viên và nội dung hiển thị khi nhập là?,tra_cuu
783,Kể tên 2 công việc của Devops,tra_cuu
784,"Theo tài liệu, hệ thống IDS hoạt động chủ yếu ở lớp nào trong mô hình OSI?



",tra_cuu
785,"Trong bốn phương pháp đánh giá rủi ro, phương pháp nào đòi hỏi chi phí lớn về thời gian, nguồn lực và yêu cầu chuyên gia có trình độ cao?",tra_cuu
786,Điểm khác biệt cơ bản giữa tấn công DoS và tấn công DDoS là gì?,tra_cuu
787,"Dựa vào tài liệu Public_166, hãy xác định ưu điểm chính và nhược điểm nổi bật của phương pháp không chính thức được đề cập.",tra_cuu
788,Thuật toán Shor có vai trò gì trong lịch sử phát triển Máy tính lượng tử?,tra_cuu
789,"Theo tài liệu, yếu tố nào khiến cho học liệu điện tử (HLĐT) trở thành công cụ đặc biệt phù hợp trong bối cảnh chuyển đổi số giáo dục?",tra_cuu
790,Nêu 1 lý do cần Kubernetes và lý do container trở nên phổ biến,tra_cuu
791,"Qua các đặc điểm được mô tả trong tài liệu Public_159, có thể rút ra nhận định tổng quan nào về ưu điểm nổi bật của mã hóa khóa bất đối xứng so với mã hóa khóa đối xứng?",tra_cuu
792,"Theo tài liệu Public_185, các loại báo cáo mà Jira cung cấp có đặc điểm chung nào?",tra_cuu
793,"Theo tài liệu, sau khi đã tạo dự án, người dùng có thể chỉnh sửa bằng cách click dấu “ba chấm” cạnh tên dự án. Nếu muốn thay đổi chủ sở hữu của dự án, người dùng cần chọn thao tác nào trong danh sách hiện ra?",tra_cuu
794,"Dựa trên tài liệu Public_163, hãy xác định một thực thể tham gia mô hình giao dịch SET và một nhiệm vụ chính của thực thể đó.",tra_cuu
795,"Nếu trong mạch lọc nguồn ta thay tụ hóa phân cực bằng tụ gốm không phân cực, điều gì có khả năng xảy ra?",tra_cuu
796,"Nếu một hệ thống phải xử lý khối lượng lớn dữ liệu động và thường xuyên thay đổi, nhược điểm nào của GraphQL có thể khiến việc tối ưu hiệu suất trở nên phức tạp hơn?",tra_cuu
797,"Nếu một doanh nghiệp chỉ triển khai “HTTT quản lý” mà không có “hệ thống hỗ trợ quyết định”, hậu quả nào dễ xảy ra nhất?",tra_cuu
798,"Theo tài liệu Public_182, DoS và DDoS là gì?",tra_cuu
799,"Theo tài liệu Public_165, tường lửa lọc gói (Packet-filtering firewall) hoạt động dựa trên nguyên tắc nào?",tra_cuu
800,"Khi client chỉ cần một phần thông tin cụ thể từ server, GraphQL giúp loại bỏ tình trạng nào để tối ưu hóa tải trọng dữ liệu?",tra_cuu
801,Nêu một đặc điểm nổi bật của hệ thống quản lý gói trên Ubuntu và phương pháp cài đặt Driver Nvidia sử dụng kho lưu trữ chuẩn.,tra_cuu
802,Hệ thống được mô tả trong tài liệu Public_282 sử dụng công nghệ nào để xây dựng giao diện người dùng (UI/UX)?,tra_cuu
803,Loại tấn công nào gửi nhiều HTTP request làm quá tải server?,tra_cuu
804,Tóm tắt nội dung chính của học phần An toàn mạng (INT1482)?,tra_cuu
805,"Nếu một nhóm dự án nhỏ (dưới 3 tháng) lựa chọn Jira, rủi ro lớn nhất theo tài liệu là gì?",tra_cuu
806,Quản lý dự án giúp doanh nghiệp đạt được mục tiêu chiến lược như thế nào?,tra_cuu
807,Tổng quan về Kubernetes trong tài liệu Public_192,tra_cuu
808,"Qua toàn bộ phần trình bày trong tài liệu Public_167, có thể rút ra nhận định tổng quan nào về cách tiếp cận an toàn thông tin?",tra_cuu
809,"Khi công ty có một nhóm QA/Tester với background là ít kỹ năng lập trình, theo bạn thì lựa chọn công cụ nào phù hợp nhất để phù hợp với đội nhóm cho việc kiểm thử tự động?",tra_cuu
810,"Chọn mô tả chính xác nhất về mối quan hệ chức năng giữa Dart, Framework và SDK theo nội dung văn bản:",tra_cuu
811,"Theo tài liệu, phương pháp kết hợp bắt đầu bằng đánh giá rủi ro ở mức cao, sau đó chuyển sang đánh giá chi tiết. Nếu đánh giá ở mức cao ban đầu không chính xác, hậu quả nào có thể xảy ra?",tra_cuu
812,"Theo tài liệu, những ưu điểm nổi bật nào của Jira được liệt kê?",tra_cuu
813,"Olympic 2004 tại Hy Lạp dự kiến kinh phí 2 tỷ EURO, nhưng phải chi tới 12 tỷ EURO. Vậy chi phí thực tế đã vượt bao nhiêu phần trăm (%) so với kế hoạch ban đầu?",tinh_toan
814,Mục tiêu chính của kiểm thử hiệu năng trong việc đánh giá khả năng đáp ứng và ổn định của hệ thống là gì?,tra_cuu
815,"Trong hệ thống phân bổ giảng đường, nếu một giảng đường đang được lên lịch sử dụng cho lớp học chính khóa nhưng đồng thời có sự cố hỏng thiết bị, hệ thống sẽ xử lý thế nào và ai chịu trách nhiệm xử lý sự cố?",tra_cuu
816,"Kiểm thử tự động là gì, các nguyên tắc cơ bản và lợi ích chính của nó?",tra_cuu
817,"Trong quy trình khai báo mã KH COD hàng ngày, khi khách hàng chưa xác thực OTP, hệ thống xử lý yêu cầu ra sao và trạng thái thay đổi thế nào nếu sau 72 giờ vẫn chưa xác thực?",tra_cuu
818,Mục đích chính của quá trình ETL trong quản lý dữ liệu là gì?,tra_cuu
819,"Nếu hệ thống sử dụng khóa 64 bit, không gian khóa là 2⁶⁴. Giả sử một kẻ tấn công có thể thử 1 tỉ khóa/giây, thời gian cần để thử hết toàn bộ không gian khóa gần bằng bao nhiêu?

",tinh_toan
820,Các phiên bản Ubuntu LTS và các phiên bản hiện đang được hỗ trợ.,tra_cuu
821,"Hãy xác định hai cách thêm người dùng vào Tableau, và thao tác đầu tiên trong mỗi cách.",tra_cuu
822,Bước nào nêu rõ các tiêu chí và quy trình để lựa chọn công cụ kiểm thử phù hợp?,tra_cuu
823,"Theo tài liệu Public_152, trong bảy vùng của hạ tầng CNTT, vùng nào được đề cập là có nhiều mối đe dọa và nguy cơ nhất?",tra_cuu
824,Quá trình thực hiện một giao dịch dựa trên SET gồm mấy bước,tra_cuu
825,"Transactional outbox pattern lưu message ở đâu, và thành phần nào chịu trách nhiệm đọc & publish message đó?",tra_cuu
826,"Nếu một công ty vừa và nhỏ chọn Jira để quản lý dự án Agile, trong khi đội ngũ nhân viên còn hạn chế về tiếng Anh và ngân sách, họ sẽ đối mặt với những khó khăn nào nhất",tra_cuu
827,"Theo văn bản, Git khác biệt so với VCS cục bộ như SVN ở điểm nào, và Git hỗ trợ thao tác nào giúp phát triển song song mà vẫn an toàn?",tra_cuu
828,"Theo tài liệu, tài sản an toàn thông tin bao gồm những loại nào?",tra_cuu
829,Các thuật ngữ thường dùng của MongoDB,tra_cuu
830,"Theo tài liệu, để thêm nhãn dữ liệu trong Tableau, bước đầu tiên cần thực hiện là gì?",tra_cuu
831,Điện trở màng than có ưu điểm gì về độ ổn định và nhược điểm gì khi làm việc ở nhiệt độ cao?,tra_cuu
832,Nội dung chính của văn bản Public_263 là gì?,tra_cuu
833,"Theo tài liệu, số vòng lặp xử lý trong giải thuật AES khi sử dụng khóa 192 bit là bao nhiêu?
",tra_cuu
834,"Hãy xác định (i) công thức mối quan hệ giữa tấn công, mối đe dọa và lỗ hổng, và (ii) ví dụ một dạng tấn công theo mục đích.",tra_cuu
835,"Trong giải thuật RSA, độ an toàn được dựa trên tính khó của bài toán nào?



",tra_cuu
836,"Từ các phương pháp mã hóa (thay thế, hoán vị, XOR, Vernam, khóa chạy, hàm băm), hãy rút ra nhận định tổng quan về các nguyên lý mã hóa cơ bản hoặc các điểm khác biệt chính giữa chúng.",tra_cuu
837,"Hãy xác định (i) năm DSA được NIST công nhận là chuẩn chữ ký số, và (ii) tên của một thành phần trong PKI có nhiệm vụ xác minh thông tin nhận dạng của người dùng.
",tra_cuu
838,Public_179 mô tả những nhiệm vụ nào trong thiết kế và phát triển kịch bản kiểm thử tự động?,tra_cuu
839,"Hãy xác định (i) phần mềm độc hại nào thường giả danh chương trình có ích để lừa người dùng, và (ii) ví dụ một hình thức lây nhiễm đặc trưng của nó.


",tra_cuu
840,Mục tiêu của tấn công DoS là gì?,tra_cuu
841,"Theo tài liệu Public_174, ETL (Extract, Transform, Load) được hiểu là gì?",tra_cuu
842,Tổng quan về các tính năng và nguyên lý hoạt động của Ubuntu,tra_cuu
843,Khóa bí mật trong tài liệu Public_283 được hiểu là gì?,tra_cuu
844,"Theo tài liệu, giao thức SSL/TLS được xây dựng dựa trên phiên bản nào của SSL?",tra_cuu
845,"Dựa vào quy định về tín chỉ được nêu trong tài liệu Public_263, nếu sinh viên đang chọn tổng 9 tín chỉ, cần thêm tối thiểu bao nhiêu tín chỉ để nút Lưu được bật?",tra_cuu
846,Zoiper được biết đến là loại phần mềm gì?,tra_cuu
847,"Theo tài liệu, Estuary Flow sử dụng tính năng nào của MySQL để sao chép dữ liệu hiệu quả về chi phí?",tra_cuu
848,Số lượng mô hình phòng thủ phổ biến trong an toàn mạng được đề cập trong tài liệu Public_253 là bao nhiêu?,tra_cuu
849,"Trong hệ sinh thái Tableau, thành phần nào cho phép người dùng chuẩn bị và làm sạch dữ liệu trước khi phân tích?
",tra_cuu
850,"Theo tài liệu Public_160, DSA có ưu điểm nổi bật nào so với RSA?",tra_cuu
851,"Nếu Spike Testing thất bại liên tục, điều gì xảy ra khi một số lượng lớn người dùng truy cập cùng một lúc vào một hệ thống thương mại điện tử?",tra_cuu
852,"Theo nội dung văn bản, thành phần nào trong Flutter chịu trách nhiệm cung cấp công cụ (ví dụ: trình biên dịch) để biên dịch mã nguồn thành mã gốc (native code) cho từng hệ điều hành, giúp ứng dụng hoạt động mượt mà trên mỗi nền tảng?",tra_cuu
853,"Qua các nội dung trong tài liệu, có thể rút ra nhận định tổng quan nào về lợi ích khi sử dụng Tableau trong doanh nghiệp?
",tra_cuu
854,"Theo tài liệu, pgloader cho phép thực hiện những tác vụ nào, và pg-chameleon được dùng trong trường hợp nào?",tra_cuu
855,"Trong lịch sử phát triển mật mã, năm 1977 đánh dấu sự ra đời của giải thuật nào?",tra_cuu
856,Mục đích chính của hệ thống thông tin quản lý và phân bổ giảng đường là gì?,tra_cuu
857,Cung cấp tổng quan về Oracle Database dựa trên nội dung trong tài liệu Public_190.,tra_cuu
858,Tóm tắt các nội dung chính của văn bản này,tra_cuu
859,"Những công cụ AI nào đã thực sự được phát triển trong giáo dục từ những năm 2000 đến nay, và chúng có vai trò gì?",tra_cuu
860,Jira được phát triển bởi công ty nào?,tra_cuu
861,Ba thuộc tính cốt lõi cần bảo vệ trong an toàn thông tin là gì?,tra_cuu
862,Hãy cho biết các thành phần chính của an toàn thông tin và nêu vai trò của chính sách an toàn thông tin đối với các thành phần đó.,tra_cuu
863,"Hãy xác định phiên bản Tableau miễn phí và đặc điểm nổi bật của phiên bản này.
",tra_cuu
864,"Theo tài liệu Public_162, điểm khác biệt quan trọng giữa IDS và IPS là gì?",tra_cuu
865,GraphQL được coi là một ngôn ngữ gì trong lĩnh vực phát triển API?,tra_cuu
866,"Theo tài liệu Public_197, những yêu cầu cụ thể nào về cơ sở vật chất được xem là thách thức lớn nhất khi ứng dụng AI?",tra_cuu
867,"Giả sử một start-up có nguồn lực hạn chế nhưng cần ra mắt nhanh một MVP đa nền tảng với mức độ tùy biến giao diện tương đối cao. Dựa trên văn bản, hai yếu tố nào là NHẤT QUYẾT ĐỊNH cho quyết định chọn (hoặc không chọn) Flutter trong trường hợp này? (Chọn 2.)",tra_cuu
868,Tổng quan Devops dành cho người mới bắt đầu là gì?,tra_cuu
869,Mục đích chính của việc xây dựng Cổng kết nối dịch vụ chứng thực chữ ký số công cộng là gì?,tra_cuu
870,Giao diện của phần mềm softphone Zoiper được thiết kế như thế nào để người dùng cảm thấy quen thuộc khi sử dụng?,tra_cuu
871,"Theo tài liệu, chuỗi giá trị băm đầu ra của MD5 có kích thước bao nhiêu bit?


",tra_cuu
872,"Theo tài liệu, điểm khác biệt chính giữa tường lửa có trạng thái (Stateful) và không trạng thái (Stateless) là gì?",tra_cuu
873,"Theo tài liệu Public_196, các quốc gia nên áp dụng những chiến lược nào để đảm bảo nguồn nước bền vững trong tương lai khi các giải pháp hiện tại không đủ để giải quyết tình trạng khan hiếm nước?",tra_cuu
874,"Jira cung cấp loại báo cáo nào, và hạn chế gì khi áp dụng cho dự án ngắn hạn (dưới 3 tháng)?",tra_cuu
875,"Theo số liệu năm 2012 từ Cơ sở dữ liệu lỗ hổng quốc gia Hoa Kỳ, lỗ hổng bảo mật được phát hiện nhiều nhất nằm ở thành phần nào của hệ thống?
",tra_cuu
876,"Trong tài liệu Public_282, cơ sở dữ liệu nào được hệ thống sử dụng để lưu trữ dữ liệu?",tra_cuu
877,"Sau khi khách hàng xác thực OTP thành công, hệ thống sẽ thực hiện bước nào tiếp theo?",tra_cuu
878,"Hãy xác định (i) năm xuất hiện khái niệm mã hóa khóa bất đối xứng, và (ii) tên của hai nhà khoa học đề xuất nó.",tra_cuu
879,"Theo Thông tư, “cặp khóa bất đối xứng” trong phần mềm ký số bao gồm những thành phần nào?",tra_cuu
880,"Trung tâm dữ liệu đã có tường lửa, IDS/IPS và sao lưu định kỳ. Sự cố gần đây cho thấy một máy chủ bị cài mã độc qua tài khoản quản trị mặc định của thiết bị IoT trong mạng nội bộ. Nếu chỉ được chọn một biện pháp bổ sung ngay lập tức, biện pháp nào giảm nguy cơ lặp lại sự cố tương tự một cách trực tiếp và hiệu quả nhất?",tra_cuu
881,Mô tả chi tiết ưu điểm của Kafka về tính mã nguồn mở và khả năng xử lý dữ liệu lớn.,tra_cuu
882,"Hãy xác định (i) tên 2 nhà mật mã học đã phát triển Rijndael – cơ sở của AES, và (ii) năm AES được NIST công nhận là chuẩn mã hóa dữ liệu.",tra_cuu
883,SQL Server được sử dụng chủ yếu để quản lý và truy vấn dữ liệu quan hệ trong các hệ thống doanh nghiệp như thế nào?,tra_cuu
884,"Từ tài liệu Public_193, những kiến thức và kỹ năng nào là cần thiết cho một kỹ sư DevOps khi tập trung vào một giai đoạn cụ thể trong roadmap DevOps?",tra_cuu
885,Các loại hệ thống thông tin (HTTT) được văn bản phân loại trong doanh nghiệp có thể nhóm lại thành những loại nào?,tra_cuu
886,"Hãy xác định hai kỹ thuật phát hiện xâm nhập chính của IDS, và  nhược điểm tương ứng của mỗi kỹ thuật.
",tra_cuu
887,"Theo quan điểm hệ thống trong dự án HTTT, yếu tố nào được xem là quan trọng nhất để quyết định hiệu quả toàn bộ hệ thống?",tra_cuu
888,Tóm tắt các nội dung chính của văn bản Public_182 về tấn công DoS/DDoS.,tra_cuu
889,Phần mềm ký số cần hỗ trợ định dạng dữ liệu nào theo Phụ lục I của tài liệu Public_257?,tra_cuu
890,Tóm tắt những ảnh hưởng của đại dịch COVID-19 đến việc áp dụng công nghệ trong giáo dục là gì?,tra_cuu
891,"Theo tài liệu Public_167, chuẩn ISO/IEC 27001:2005 tập trung vào nội dung nào?",tra_cuu
892,"Theo báo cáo của WHO và UNICEF, đến năm 2030, tình trạng khan hiếm nước sẽ khiến bao nhiêu triệu người phải di dời?",tra_cuu
893,"Theo tài liệu, phát hiện dựa trên bất thường cần giai đoạn huấn luyện để xây dựng hồ sơ hành vi bình thường. Nếu giai đoạn huấn luyện thu thập dữ liệu chưa đủ dài hoặc không đại diện, hậu quả nào có thể xảy ra?",tra_cuu
894,"Theo tài liệu, quá trình kiểm tra chữ ký số gồm bước so sánh hai chuỗi đại diện MD1 và MD2. Nếu một kẻ tấn công thay đổi nội dung thông điệp trong quá trình truyền nhưng không có khóa riêng của người gửi, điều gì sẽ xảy ra?


",tra_cuu
895,Các phiên bản của Oracle Database,tra_cuu
896,Những yếu tố nào theo văn bản trực tiếp góp phần rút ngắn thời gian phát triển khi dùng Flutter (chọn mọi đáp án phù hợp)?,tra_cuu
897,"Theo tài liệu, thành phần nào trong chứng chỉ số đóng vai trò ký để đảm bảo tính xác thực và toàn vẹn?",tra_cuu
898,Tóm tắt các nội dung chính của văn bản về Apache Kafka.,tra_cuu
899,Tóm tắt các bước cài đặt SQL Server 2022,tra_cuu
900,"Qua các dạng phần mềm độc hại được trình bày (virus, sâu, trojan, backdoor, rootkit, spyware, adware, zombie, bom logic…), có thể rút ra nhận định tổng quan nào về đặc điểm chung của phần mềm độc hại?",tra_cuu
901,"Trong cấu trúc tệp BMP, phần nào có kích thước 14 byte và lưu trữ thông tin tổng quát về tệp hình ảnh bitmap?",tra_cuu
902,"Khi muốn tạo một nhóm làm việc mới trên Tableau, bước cuối cùng mà người dùng cần thực hiện là gì?",tinh_toan
903,"Theo tài liệu, MD5 tạo chuỗi giá trị băm 128 bit, SHA1 tạo chuỗi 160 bit. Nếu một ứng dụng yêu cầu độ dài băm tối thiểu 160 bit để đảm bảo an toàn, hệ quả nào có thể xảy ra nếu vẫn sử dụng MD5 thay vì SHA1?",tra_cuu
904,"Nội dung chính của tài liệu “Trí tuệ nhân tạo trong kế toán, kiểm toán” là gì?",tra_cuu
905,"Hãy xác định (i) hai phương pháp phát hiện tấn công thường được sử dụng trong IDS, và (ii) nhược điểm của mỗi phương pháp.
",tra_cuu
906,"Nếu một công ty thương mại điện tử muốn phân tích xu hướng mua hàng trong nhiều năm mà dữ liệu giao dịch chứa nhiều bản ghi trùng lặp, bước nào trong ETL sẽ quan trọng nhất để giải quyết vấn đề này?",tra_cuu
907,"Nếu AI không được áp dụng trong giáo dục, điều gì có thể xảy ra với khả năng tiếp cận giáo dục của học sinh ở vùng sâu vùng xa?",tra_cuu
908,"Theo văn bản, những đặc điểm nào sau đây phản ánh tính phân tán nổi bật của Git?",tra_cuu
909,"Qua quá trình cấp và sử dụng chứng chỉ số trong PKI được mô tả, những điểm rút ra chính nào có thể được xác định?",tra_cuu
910,Các thành phần chính của SQL Server là gì?,tra_cuu
911,Kubernetes được Google mở mã nguồn từ khi nào?,tra_cuu
912,Vai trò của an toàn thông tin trong bối cảnh chuyển đổi số và các mối đe dọa mạng gia tăng được thể hiện rõ nhất ở khả năng bảo vệ dữ liệu và đảm bảo hoạt động liên tục?,tra_cuu
913,"Theo tài liệu Public_178, đặc điểm nào sau đây không phải của một dự án?",tra_cuu
914,"Trong các giao thức con của SSL/TLS, giao thức nào đảm nhiệm việc tạo đường hầm an toàn để vận chuyển dữ liệu, đảm bảo tính bí mật và toàn vẹn?",tra_cuu
915,Các bước chính để implement transactional outbox pattern theo tài liệu là gì?,tra_cuu
916,Thông tư Public_257 quy định những yêu cầu kỹ thuật nào đối với phần mềm ký số và phần mềm kiểm tra chữ ký số?,tra_cuu
917,"Để đạt được Mục tiêu Phát triển Bền vững số 6 (SDG 6) về nước sạch và vệ sinh vào năm 2030, những yếu tố nào cần được tăng cường, và chúng đóng vai trò gì?",tra_cuu
918,"Phân biệt 'Học kì' và 'Kì học' trong hệ thống quản lý đào tạo; mô tả mô hình khóa dữ liệu hợp lí cho các thực thể liên quan, và phân tích hệ quả của mô hình này đối với các ràng buộc trong việc xếp lịch học.",tinh_toan
919,"Theo tài liệu, phát hiện bất thường có thể tạo ra nhiều báo động giả, còn phát hiện dựa trên chữ ký lại không phát hiện được tấn công chưa có mẫu. Nếu một tổ chức muốn giảm thiểu cả hai hạn chế này, giải pháp hợp lý nhất là gì?



",tra_cuu
920,"Trong Git, đâu là mô tả đầy đủ và chính xác nhất về mối quan hệ giữa Branch, Merge, và Master theo văn bản?",tra_cuu
921,"Theo hướng dẫn trong tài liệu, để đăng nhập tài khoản Tableau người dùng cần truy cập vào địa chỉ nào?",tra_cuu
922,"Nếu một hệ thống vẫn sử dụng DES với khóa hiệu dụng 56 bit trong bối cảnh tốc độ tính toán ngày nay đã tăng nhanh, nguy cơ nào là hiện hữu nhất?",tra_cuu
923,"Nếu khách hàng không xác thực OTP trong vòng 72 giờ, trạng thái yêu cầu sẽ được hệ thống cập nhật như thế nào?",tra_cuu
924,"Hãy xác định  số lượng vùng trong hạ tầng CNTT được mô tả trong tài liệu và nêu tên một nguy cơ điển hình của vùng WAN.

",tra_cuu
925,Có mấy bước cài đặt Driver Nvidia sử dụng Repository chuẩn theo phương pháp cài đặt qua dòng lệnh,tra_cuu
926,"Khi xác định phạm vi tự động hóa, cần chú ý những yếu tố nào?",tra_cuu
927,"Theo tài liệu Public_174, trong các bước ETL, hoạt động nào chịu trách nhiệm làm sạch, chống trùng lặp và chuẩn hóa dữ liệu?",tra_cuu
928,"Qua các phần hướng dẫn trong tài liệu, có thể rút ra nhận định tổng quan nào về quy trình sử dụng Tableau cơ bản?",tra_cuu
929,"Trong các marker của ảnh JPEG, marker nào có giá trị 0xFF 0xD9 và có chức năng đánh dấu kết thúc ảnh?",tra_cuu
930,"Trong Phụ lục II, tiêu chí nào xác định tính toàn vẹn của thông điệp dữ liệu đã ký số?",tra_cuu
931,"Theo tài liệu, Tableau nhấn mạnh việc hiểu rõ kiểu dữ liệu của từng trường (Number, String, Date, Boolean, Geographic Role). Nếu một trường ngày tháng bị gán sai kiểu dữ liệu thành String, hậu quả nào dễ xảy ra nhất?",tra_cuu
932,"Theo tài liệu, mô hình “Phòng vệ theo chiều sâu” (Defence in Depth) cho thấy nguyên tắc quan trọng nào khi thiết kế hệ thống an toàn thông tin?

",tra_cuu
933,"Qua phân tích trong tài liệu, có thể rút ra nhận định tổng quan nào về đặc điểm của các lỗ hổng bảo mật?

",tra_cuu
934,"Theo mô hình PGP đảm bảo cả tính bí mật và xác thực, nếu bên gửi không ký thông điệp trước khi mã hóa, hệ quả nào có thể xảy ra?",tra_cuu
935,Các bước cơ bản trong quy trình phân tích rủi ro an toàn mạng?,tra_cuu
936,"Theo mô tả trong tài liệu Public_183, outbox_table mang lại những lợi ích nào?",tra_cuu
937,"Hãy xác định kỹ thuật tấn công DoS phổ biến thường được đề cập trong tài liệu, và  biện pháp phòng chống cơ bản cho tấn công SYN Flood.",tra_cuu
938,Các tính năng chính của Oracle Database là gì?,tra_cuu
939,"Hãy xác định (i) một số luật tội phạm máy tính ở Mỹ, và (ii) một số luật về sự riêng tư cũng tại Mỹ được nêu trong tài liệu.

",tra_cuu
940,"Giá trị ""50 4E 47"" trong ảnh  PNG có mục đích gì ",tra_cuu
941,"Trong case notification-service, nếu chỉ có một relay publisher chung cho tất cả channel (sms, email, voice call) thay vì tách riêng, rủi ro lớn nhất là gì?",tra_cuu
942,Nội dung cốt lõi của tài liệu Public_199 có tiêu đề “Máy tính lượng tử” là gì?,tra_cuu
943,Khi mô tả hệ thống bằng ngôn ngữ tự nhiên thì ta cần thực hiện bao nhiêu bước,tra_cuu
944,"Qua các nội dung được trình bày, có thể rút ra nhận định tổng quan nào về vai trò của tường lửa và IDS/IPS trong bảo mật hệ thống?
",tra_cuu
945,"Theo tài liệu Public_163, phiên bản chính thức mới nhất của SSL và TSL được phát hành vào những năm nào?",tra_cuu
946,"Theo tài liệu Public_178, dự án được xem là thành công và thất bại dựa trên những tiêu chí nào?",tra_cuu
947,Bước đầu tiên của quá trình khởi tạo phiên làm việc giữa SSL Client và SSL Server là gì,tra_cuu
948,RPA (Robotic Process Automation) khác với AI ở điểm nào?,tra_cuu
949,Tóm tắt các bước cài đặt thủ công driver chính thức từ Nvidia.com cho card đồ họa trên hệ điều hành Windows.,tra_cuu
950,"Trong các công ty kiểm toán Big4, công nghệ AI tiêu biểu nào đã được áp dụng, và lợi ích thực tế mà nó mang lại là gì?",tra_cuu
951,Tóm tắt cách MongoDB lưu trữ dữ liệu,tra_cuu
952,Độ dài khóa tối thiểu của thuật toán RSA theo quy định là bao nhiêu bit?,tra_cuu
953,"Theo tài liệu Public_199, đâu là thách thức và cơ hội lớn nhất của Mô hình Ngôn ngữ Lớn (MTLT) lần lượt?",tra_cuu
954,"Theo tài liệu Public_254, giấu tin trong ảnh được định nghĩa như thế nào?",tra_cuu
955,Tóm tắt cách tạo bảng 'Cán bộ quản lý mới' theo hướng dẫn trong tài liệu Public_190.,tra_cuu
956,Thực thể nào không tham gia mô hình tương tác giữa các thực thể tham gia thực hiện SET,tra_cuu
957,Các nhóm linh kiện điện tử cơ bản được đề cập trong tài liệu gồm những nhóm nào?,tra_cuu
958,"Qua mô tả trong tài liệu, có thể rút ra nhận định tổng quan nào về vai trò của IDS/IPS trong an toàn mạng?

",tra_cuu
959,"Dựa trên nội dung của tài liệu Public_170, nhận định tổng quan nào có thể được rút ra về quy trình sử dụng Tableau cơ bản hiệu quả?",tra_cuu
960,Sâu Nimda có điểm đặc biệt gì trong phương thức lây lan?,tra_cuu
961,"Qua toàn bộ các phần trình bày trong tài liệu, có thể rút ra nhận định tổng quan nào về các giao thức SSL/TLS, SET và PGP?",tra_cuu
962,"Nếu phải tóm tắt toàn bộ nội dung tài liệu “Sử dụng công cụ AI thiết kế học liệu điện tử” trong một câu, ý nào phản ánh đúng nhất?",tra_cuu
963,"Trong Git, hành động nào bắt buộc phải thực hiện trước Commit để thay đổi có thể được lưu trữ vào lịch sử dự án?",tra_cuu
964,"Nếu một giảng đường bị sự cố hỏng thiết bị, ai có trách nhiệm xử lý báo cáo này trong hệ thống?",tra_cuu
965,"Trong layer ứng dụng mà MongoDB hoạt động, Front end và Back end là gì?",tra_cuu
966,Hệ thống PLATO được phát triển vào thập niên nào?,tra_cuu
967,"Nếu DoS kéo dài mà không phòng chống, nó có thể gây ra những hậu quả cụ thể nào?",tra_cuu
968,"Hãy xác định ba tác giả của giải thuật RSA và năm phát minh RSA.



",tra_cuu
969,"Theo văn bản, Flutter có những ưu điểm gì khi so sánh với các framework khác, và đồng thời nó còn tồn tại những hạn chế nào?",tra_cuu
970,Nút “Kết xuất excel” trong màn hình Quản lý KH CusID có quy tắc hoạt động ra sao?,tra_cuu
971,"Khái niệm “tấn công” trong an toàn thông tin được hiểu là gì?
",tra_cuu
972,"Theo tài liệu Public_163, phiên bản TLS nào được sử dụng rộng rãi nhất?",tra_cuu
973,Nêu một thành phần thuộc Storage Engine hoặc Query Processor trong Database Engine.,tra_cuu
974,Transactional outbox pattern giải quyết triệt để vấn đề nào liên quan đến việc đảm bảo tính nguyên tử (atomicity) giữa cập nhật cơ sở dữ liệu cục bộ và gửi thông báo/sự kiện trong giao dịch phân tán?,tra_cuu
975,Ưu điểm nổi bật của GraphQL so với REST trong việc lấy dữ liệu từ server là gì?,tra_cuu
976,"Nếu sau khi cấu hình tài khoản SIP Account trên Zoiper mà phần mềm không báo trạng thái online, bước hợp lý nhất cần làm là gì?",tra_cuu
977,Những yếu tố nào thường gây ảnh hưởng đến hiệu năng của hệ thống?,tra_cuu
978,"Trong tài liệu Public_197, đâu là một lợi ích của AI đối với học sinh và một thách thức của AI đối với nhà trường?",tra_cuu
979,"Theo chu trình Plan-Do-Check-Act của ISO/IEC 27001:2005, nếu một tổ chức đã thực hiện các bước đánh giá rủi ro, lựa chọn biện pháp kiểm soát và thực thi kế hoạch xử lý rủi ro, thì bước tiếp theo hợp lý nhất là gì?
",tra_cuu
980,Tài liệu `Public_200` mô tả chi tiết gì về phương pháp Deloitte đã sử dụng để xây dựng và quản lý một cơ sở dữ liệu rủi ro lớn như một cơ sở dữ liệu chứa 10.000 trường hợp rủi ro?,tra_cuu
981,Logic mờ (Fuzzy logic) được áp dụng trong kiểm toán nhằm mục đích chính nào?,tra_cuu
982,Broker trong Kafka có vai trò gì?,tra_cuu
983,Vì sao phần mềm ký số và kiểm tra chữ ký số cần hỗ trợ dấu thời gian trên thông điệp dữ liệu?,tra_cuu
984,"Theo tài liệu, loại vi rút nào lây nhiễm vào cung khởi động (boot sector) của đĩa?


",tra_cuu
985,Khái quát các trường hợp sử dụng của MongoDB,tra_cuu
986,Điểm khác biệt cơ bản giữa Luật và Chính sách được tài liệu nêu là gì?,tra_cuu
987,"Nếu dự án liên tục thay đổi yêu cầu nhưng không có cơ chế kiểm soát, hệ quả là gì?",tra_cuu
988,"Theo thống kê trong tài liệu `Public_153`, lỗ hổng nghiêm trọng cao chiếm 35%, trung bình 55% và thấp 10%. Dựa trên tài liệu này, nếu một tổ chức bỏ qua việc khắc phục các lỗ hổng trung bình, điều này tiềm ẩn nguy cơ gì?",tra_cuu
989,"Theo tài liệu Public_174, Hồ dữ liệu (Data Lake) cho phép lưu trữ dữ liệu có cấu trúc và không có cấu trúc, và nó hỗ trợ những phương pháp phân tích nào?",tra_cuu
990,Tóm tắt Kubectl trên Windows,tra_cuu
991,"GraphQL cung cấp khái niệm query để mô tả yêu cầu dữ liệu và schema để định nghĩa cấu trúc API, vậy mỗi thành phần này có vai trò chính là gì?",tra_cuu
