index,question,intent,question_gen
1,"Trong mô hình nhà thông minh, IoT chủ yếu đóng vai trò gì?",tra_cuu,"Trong một ngôi nhà thông minh, các yếu tố nào là thành phần chính trong hệ thống IoT?"
2,"Năm 2010, công nghệ nào thường được sử dụng trong kiểm soát ra vào ngôi nhà thông minh?",tra_cuu,Công nghệ nào đã được triển khai để kiểm soát quyền truy cập vào ngôi nhà thông minh trong năm 2010?
3,Bộ cảm biến trong nhà thông minh thực hiện chức năng gì và bộ truyền động có vai trò gì?,tra_cuu,Bộ cảm biến trong nhà thông minh đo lường những yếu tố nào và cần thiết bị nào để lưu trữ và hiển thị dữ liệu?
4,Nội dung chính của bài báo nghiên cứu Public_001 về IoT trong xây dựng nhà thông minh là gì?,tra_cuu,Nội dung chính của bài báo Public_001 về ứng dụng IoT trong mô hình nhà thông minh được phân tích như thế nào?
5,"Dựa vào thông tin trong tài liệu Public_001, hãy tính số bài báo trung bình mỗi lớp trong nghiên cứu được đề cập.",tinh_toan,"Dựa vào thông tin trong tài liệu Public_001, hãy cho biết tổng số bài báo được phân loại trong nghiên cứu này."
6,"Dựa trên tài liệu Public_002, mô tả học phần Cơ sở dữ liệu nâng cao, hãy liệt kê các loại CSDL không được đề cập trong nội dung học phần này.",tra_cuu,"Dựa trên tài liệu Public_002, mô tả nội dung học phần Hệ quản trị cơ sở dữ liệu, hãy liệt kê các khái niệm khác về CSDL không được đề cập trong mô tả của học phần này."
7,Nhóm môn học trong tài liệu Public_002 tập trung cung cấp cho sinh viên kiến thức tổng quan về lĩnh vực nào?,tra_cuu,Nhóm môn học trong tài liệu Public_002 chủ yếu cung cấp cho sinh viên kiến thức tổng quan về lĩnh vực nào trong các hệ thống mạng và bảo mật?
9,Điểm BLEU được dùng để đánh giá chất lượng bản dịch trong tài liệu Public_003 là gì?,tra_cuu,Điểm số BLEU nào được hệ dịch Adapt_System đạt được khi dịch tập dữ liệu L_test thuộc miền pháp lý?
10,Công cụ nào được nhóm tác giả của tài liệu Public_003 sử dụng để huấn luyện các hệ dịch nơ ron?,tra_cuu,Công cụ nào được nhóm nghiên cứu sử dụng để đào tạo các hệ thống dịch nơ ron?
11,Điểm BLEU và công cụ huấn luyện hệ dịch nơ ron trong nghiên cứu này là gì?,tra_cuu,Phương pháp nào được sử dụng để đánh giá chất lượng bản dịch trong nghiên cứu này?
12,Nội dung chính của tài liệu Public_003 là gì?,tra_cuu,Phương pháp nào được đề xuất trong tài liệu Public_003 để cải thiện dịch máy nơ ron cho cặp ngôn ngữ Anh - Việt?
13,"Theo kết quả thử nghiệm, hệ dịch Adapt_System cải thiện bao nhiêu điểm BLEU so với Baseline_G trong miền pháp lý?",tra_cuu,"Theo kết quả thử nghiệm, hệ thống dịch Adapt_System đã cải thiện bao nhiêu điểm BLEU so với hệ thống Baseline_G trong miền pháp lý?"
14,Công nghệ in bê tông 3D được thực hiện theo quy trình nào?,tra_cuu,Công nghệ in bê tông 3D sử dụng loại tệp nào để nhập mô hình vào máy in?
15,Công nghệ nào được phát triển tại Đại học Loughborough (Anh)?,tra_cuu,Công nghệ nào được nghiên cứu và phát triển tại trường Đại học Loughborough?
16,"Công nghệ in bê tông 3D nào vừa cho phép kiểm soát tốt cấu trúc sản phẩm, vừa sử dụng bê tông cốt liệu sợi tổng hợp cường độ cao?",tra_cuu,Công nghệ in bê tông nào được phát triển để cải thiện khả năng kiểm soát cấu trúc và sử dụng vật liệu cường độ cao?
18,"Trong tài liệu, ưu điểm của công nghệ Contour Crafting so với Concrete Printing là gì?",tra_cuu,"Trong đoạn văn, điểm khác biệt chính giữa công nghệ Contour Crafting và Concrete Printing là gì?"
19,OCR là viết tắt của gì trong bài báo này?,tra_cuu,Nhận dạng ký tự quang học trong bài viết được viết tắt là gì?
20,"Giải pháp thử nghiệm tại Học viện Ngân hàng được lựa chọn là gì, theo tài liệu Public_005?",tra_cuu,Giải pháp nào được áp dụng thử nghiệm tại Học viện Ngân hàng theo tài liệu Public_005?
21,"Công nghệ nào vừa cho phép máy tính tự động nhận biết ký tự trên hình ảnh, vừa có khả năng đọc hiểu dữ liệu chữ viết tay và chữ in?",tra_cuu,"Công nghệ nào cho phép máy tính nhận diện và đọc hiểu ký tự trong hình ảnh, bao gồm cả chữ viết tay và chữ in?"
22,Nội dung chính của bài báo là gì?,tra_cuu,Các lược đồ thuật toán nào được đề cập trong đoạn văn?
23,"Theo tài liệu Public_005, tỷ lệ sai số theo đơn vị từ của FPT.AI Reader trong thử nghiệm là bao nhiêu?",tra_cuu,Tỷ lệ sai sót theo từng từ của FPT.AI Reader trong thử nghiệm là bao nhiêu phần trăm?
26,"Làm thế nào để ứng dụng công nghệ số trong quản trị đại học có thể bao quát toàn bộ hoạt động của nhà trường kịp thời và hỗ trợ ra quyết sách quản lý, điều hành hiệu quả?",tra_cuu,Làm thế nào công nghệ số có thể hỗ trợ các nhà quản lý tại trường đại học trong việc ra quyết định và điều hành hiệu quả?
28,"Theo số liệu trong tài liệu, đến nay ngành giáo dục đã số hóa dữ liệu của khoảng bao nhiêu giáo viên và học sinh?",tra_cuu,"Theo thông tin trong tài liệu, hiện ngành giáo dục đã số hóa dữ liệu của khoảng bao nhiêu giáo viên và học sinh?"
31,"Trong các tiêu chuẩn ISO/IEC liên quan đến đo lường và đánh giá sự phù hợp, tiêu chuẩn nào cung cấp từ vựng quốc tế về đo lường và định nghĩa thuật ngữ độ chệch?",tra_cuu,"Trong các tiêu chuẩn ISO/IEC liên quan đến đo lường và đánh giá sự phù hợp, tiêu chuẩn nào cung cấp từ vựng quốc tế về đo lường và các khái niệm cơ bản?"
33,"Theo Public_007, “khoảng tham chiếu sinh học” thường được định nghĩa ở mức bao nhiêu phần trăm giá trị tập trung?",tra_cuu,"Theo Public_007, khoảng tham chiếu sinh học thường được xác định ở mức bao nhiêu phần trăm của giá trị tập trung?"
34,Giám đốc phòng xét nghiệm theo ISO 15189:2022 có thể ủy quyền nhiệm vụ cho ai?,tra_cuu,Người nào có thể nhận nhiệm vụ hoặc trách nhiệm từ giám đốc phòng xét nghiệm theo ISO 15189:2022?
35,ISO 15189:2022 yêu cầu thiết lập và theo dõi những chỉ số chất lượng nào?,tra_cuu,ISO 15189:2022 yêu cầu phòng xét nghiệm phải thiết lập và giám sát các chỉ số nào để đánh giá hiệu suất quy trình xét nghiệm?
36,"Theo tài liệu Public_008, các yêu cầu đúng khi lựa chọn, vận hành và bảo dưỡng thiết bị phòng xét nghiệm là gì?",tra_cuu,Các yêu cầu nào cần được tuân thủ khi bảo trì và quản lý thiết bị trong phòng xét nghiệm?
37,Nội dung chính của phần tiêu chuẩn trong tài liệu là gì?,tra_cuu,Nội dung chủ yếu về tài liệu trong phần tiêu chuẩn đề cập đến điều gì?
39,Học phần Những nguyên lý cơ bản của Chủ nghĩa Mác – Lênin thuộc khối kiến thức nào?,tra_cuu,Học phần Những nguyên lý cơ bản của Chủ nghĩa Mác – Lênin thuộc chương trình nào?
40,Học phần Nhập môn ngành CNTT trang bị cho sinh viên những kỹ năng nào ngoài kiến thức chuyên ngành?,tra_cuu,"Học phần nào giúp sinh viên phát triển kỹ năng lãnh đạo, quản lý dự án và làm việc nhóm trong ngành CNTT?"
41,"Học phần nào vừa giúp sinh viên năm nhất làm quen với môi trường đại học và kiến thức cơ bản ngành CNTT, vừa rèn luyện các kỹ năng mềm và chuẩn mực đạo đức cần thiết để trở thành kỹ sư công nghệ thông tin?",tra_cuu,"Học phần nào cung cấp kiến thức cơ bản về phần cứng, phần mềm, lập trình và những kỹ năng mềm cần thiết cho sinh viên ngành CNTT?"
43,"Theo quy định tại tài liệu Public_009, nếu một học phần có cấu trúc 3(2:1:6) thì số tiết lý thuyết, thực hành và tự học lần lượt là bao nhiêu?",tra_cuu,"Theo cấu trúc học phần 3(2:1:6) trong tài liệu, số tiết lý thuyết, thực hành và tự học là bao nhiêu?"
44,"Theo tiêu chuẩn ISO 15189:2022, việc lưu giữ hồ sơ phòng xét nghiệm nhằm mục đích chính nào?",tra_cuu,"Theo tiêu chuẩn ISO 15189:2022, mục đích chính của việc lưu trữ hồ sơ phòng xét nghiệm là gì?"
45,"Khi xảy ra sự không phù hợp, hành động đầu tiên mà phòng xét nghiệm phải thực hiện theo ISO 15189:2022 là gì?",tra_cuu,Hành động đầu tiên mà phòng xét nghiệm cần thực hiện khi phát hiện sự không phù hợp là gì?
46,"Theo hướng dẫn về kiểm soát hồ sơ, phòng xét nghiệm phải đảm bảo điều gì khi sửa đổi hồ sơ?",tra_cuu,Phòng xét nghiệm cần lưu giữ những gì khi thực hiện sửa đổi hồ sơ?
48,Mạng GAN (Global Area Network) là gì?,tra_cuu,Mô hình nào trong GAN có nhiệm vụ sinh ra dữ liệu mới?
49,Thành phần nào có chức năng giao tiếp giữa máy tính và đường truyền trong mạng máy tính?,tra_cuu,Thiết bị nào đảm nhiệm vai trò kết nối giữa máy tính và phương tiện truyền thông trong mạng?
50,Mạng máy tính được phân loại theo những tiêu chí nào và Internet ban đầu ra đời từ mục đích gì?,tra_cuu,Mạng máy tính có thể được phân loại theo những cách nào và mục đích ban đầu của Internet là gì?
52,"Với một mạng kết nối 200 máy tính và có bán kính hoạt động 500m trong một tòa nhà, phân loại mạng chính xác nhất của nó là gì?",tra_cuu,"Mạng máy tính nào phù hợp với quy mô nhỏ, có bán kính hoạt động 500m và số lượng máy tính không quá nhiều?"
53,Hệ điều hành có nhiệm vụ gì?,tra_cuu,Hệ điều hành thực hiện chức năng gì trong quản lý tài nguyên máy tính?
55,Hệ điều hành có những nhiệm vụ chính nào và phiên bản Windows nào cho phép đặt tên tệp dài tới 255 ký tự?,tra_cuu,Phiên bản Windows nào cho phép người dùng đặt tên tệp với độ dài lên đến 255 ký tự?
57,"Nếu Windows XP quản lý cho phép đặt tên tập tin dài tối đa 255 ký tự, còn MS-DOS chỉ cho phép tối đa 8 ký tự, thì Windows XP dài hơn bao nhiêu ký tự?",tinh_toan,"Nếu Windows 95 cho phép đặt tên tập tin tối đa 255 ký tự, thì giới hạn ký tự cho tên tập tin trong MS-DOS là bao nhiêu?"
58,Thế hệ máy tính điện tử nào sử dụng bóng đèn điện tử chân không?,tra_cuu,Thế hệ máy tính nào được hình thành trong khoảng thời gian từ 1950 đến 1958?
59,Thuật ngữ “Tin học” (Informatics) lần đầu tiên được đề xuất bởi ai?,tra_cuu,"Ai là người đầu tiên đề xuất thuật ngữ ""Tin học""?"
60,Thông tin khác dữ liệu ở điểm nào và quá trình xử lý thông tin theo máy tính gồm những bước nào?,tra_cuu,Quá trình xử lý thông tin bao gồm những giai đoạn nào và vai trò của máy tính trong việc lưu trữ thông tin là gì?
62,"Nếu một máy tính thế hệ 2 có tốc độ trung bình 50.000 phép tính/giây, thì nó nhanh gấp bao nhiêu lần so với máy thế hệ 1 tốc độ trung bình 1.000 phép tính/giây?",tinh_toan,Máy tính thế hệ 3 có tốc độ tính trung bình khoảng bao nhiêu phép tính/giây so với máy thế hệ 2 có tốc độ trung bình 50.000 phép tính/giây?
63,Bit là viết tắt của từ gì?,tra_cuu,Bit là viết tắt của từ gì trong tin học?
65,"Trong máy tính, mọi dữ liệu được biểu diễn dưới dạng gì và đơn vị thông tin nhỏ nhất là gì?",tra_cuu,"Trong máy tính, dữ liệu được biểu diễn bằng hệ thống nào và đơn vị thông tin nhỏ nhất là gì?"
67,"Nếu dùng 8 bit để biểu diễn số nguyên không dấu, giá trị lớn nhất có thể biểu diễn là bao nhiêu?",tinh_toan,"Nếu sử dụng 8 bit để biểu diễn số nguyên không âm, giá trị tối đa có thể đạt được là bao nhiêu?"
68,Khối nào trong CPU có nhiệm vụ thực hiện các phép tính số học và logic?,tra_cuu,Bộ phận nào trong CPU thực hiện phép toán và xử lý các phép logic?
69,Bộ nhớ nào lưu trữ chương trình hệ thống và không bị mất dữ liệu khi tắt máy?,tra_cuu,Bộ nhớ nào có khả năng lưu trữ dữ liệu lâu dài và không bị ảnh hưởng khi mất điện?
70,CPU gồm những bộ phận chính nào và bộ nhớ chính của máy tính được chia thành những loại nào?,tra_cuu,CPU bao gồm những thành phần chính nào và bộ nhớ chính của máy tính được phân chia thành những loại nào?
72,"Nếu một CPU có 36 bit địa chỉ, dung lượng tối đa của bộ nhớ chính mà nó quản lý được là bao nhiêu?",tinh_toan,"Nếu bộ xử lý Pentium III sử dụng 36 bit để đánh địa chỉ, dung lượng tối đa mà nó có thể quản lý được là bao nhiêu?"
73,Tiêu chuẩn TCVN 9395:2012 áp dụng cho loại cọc nào?,tra_cuu,Tiêu chuẩn TCVN 9395:2012 quy định về việc thi công và nghiệm thu loại cọc nào?
74,Dung dịch khoan bentonite có vai trò chính gì trong thi công cọc khoan nhồi?,tra_cuu,Dung dịch khoan bentonite cần được chuẩn bị với điều kiện gì để đảm bảo hiệu quả trong quá trình thi công cọc khoan nhồi?
75,"Theo TCVN 9395:2012, tiêu chuẩn này áp dụng cho loại cọc nào và từ đường kính bao nhiêu trở lên?",tra_cuu,"Theo TCVN 9395:2012, tiêu chuẩn này được áp dụng cho loại cọc nào và từ đường kính bao nhiêu trở lên?"
76,Nội dung chính của tiêu chuẩn TCVN 9395:2012 là gì?,tra_cuu,Nội dung cơ bản của tiêu chuẩn TCVN 9395:2012 liên quan đến điều gì về kết cấu bê tông?
78,"Theo TCVN 5574:2018, tính toán kết cấu bê tông và bê tông cốt thép cần được thực hiện dựa trên những trạng thái giới hạn nào?",tra_cuu,"Theo TCVN 5574:2018, việc tính toán kết cấu bê tông và bê tông cốt thép cần dựa trên những trạng thái giới hạn nào liên quan đến ứng suất và biến dạng?"
79,Các loại bê tông nào được phép sử dụng khi thiết kế kết cấu theo TCVN 5574:2018?,tra_cuu,Các loại bê tông nào được sử dụng trong thiết kế kết cấu theo tiêu chuẩn TCVN 5574:2018?
80,"Theo TCVN 9379:2012, tính toán kết cấu bê tông và bê tông cốt thép cần được thực hiện theo những trạng thái giới hạn nào và phải đảm bảo điều gì trong suốt thời hạn sử dụng công trình?",tra_cuu,"Theo TCVN 9379:2012, các trạng thái giới hạn nào cần được xem xét trong tính toán kết cấu bê tông và bê tông cốt thép để đảm bảo độ tin cậy trong suốt thời gian sử dụng?"
81,Nội dung chính của tiêu chuẩn TCVN 5574:2018 là gì?,tra_cuu,Nội dung chính của tiêu chuẩn TCVN 5574:2018 liên quan đến yêu cầu nào đối với kết cấu bê tông cốt thép?
83,Tiêu chuẩn TCVN 5574:2018 áp dụng cho những loại bê tông nào?,tra_cuu,Tiêu chuẩn TCVN 5574:2018 áp dụng cho những loại bê tông nào trong các kết cấu xây dựng?
84,Tiêu chuẩn TCVN 5574:2018 không áp dụng để thiết kế loại kết cấu nào sau đây?,tra_cuu,Tiêu chuẩn TCVN 5574:2018 không quy định yêu cầu thiết kế cho loại kết cấu nào dưới đây?
85,"Theo TCVN 9379:2012, tính toán kết cấu bê tông và bê tông cốt thép cần được tiến hành theo những trạng thái giới hạn nào và phải đảm bảo điều gì trong suốt thời hạn sử dụng công trình?",tinh_toan,"Theo TCVN 9379:2012, trong suốt thời gian sử dụng công trình, tính toán kết cấu bê tông và bê tông cốt thép cần đảm bảo điều gì?"
86,Nội dung chính của phần yêu cầu chung đối với kết cấu bê tông và bê tông cốt thép trong TCVN 5574:2018 là gì?,tra_cuu,Nội dung chính của yêu cầu chung đối với kết cấu bê tông và bê tông cốt thép trong TCVN 5574:2018 bao gồm những gì?
87,"Nếu một cấu kiện bê tông làm việc trong môi trường xâm thực, theo TCVN 5574:2018, cần đảm bảo thêm yêu cầu gì ngoài an toàn và sử dụng bình thường?",tra_cuu,"Khi thiết kế kết cấu bê tông làm việc trong môi trường xâm thực, theo TCVN 5574:2018, cần đảm bảo yêu cầu nào ngoài độ bền lâu và an toàn?"
89,Quốc gia nào là nước đầu tiên công bố Kế hoạch chiến lược trí tuệ nhân tạo quốc gia và vào năm nào?,tra_cuu,Quốc gia nào đã công bố chiến lược trí tuệ nhân tạo quốc gia vào tháng 5 năm 2018?
90,Nội dung chính của TCVN 9385:2012 là gì?,tra_cuu,Nội dung chính của TCVN 9385:2012 bao gồm yêu cầu nào đối với kết cấu bê tông?
92,Chiều dày màng khô của lớp phủ chống cháy được xác định bằng cách nào?,tra_cuu,Chiều dày của lớp phủ chống cháy được đo bằng dụng cụ nào?
93,Loại đầu đo nhiệt nào được ưu tiên sử dụng trong thử nghiệm cấu kiện thép?,tra_cuu,Loại đầu đo nhiệt nào được khuyến nghị sử dụng với lớp vỏ bọc bằng thép không gỉ trong thử nghiệm cấu kiện thép?
94,"Theo quy định, chiều dày màng khô của vật liệu bảo vệ được đo bằng nguyên tắc nào và loại đầu đo nhiệt nào được ưu tiên sử dụng khi thử nghiệm trên cấu kiện thép?",tra_cuu,"Theo quy định, phương pháp nào được sử dụng để xác định độ dày màng khô của vật liệu bảo vệ trên cấu kiện thép?"
96,"Theo quy định, cần bao nhiêu phép đo chiều dày tối thiểu trên dầm chịu tải?",tra_cuu,"Theo quy định, cần bao nhiêu phép đo nhiệt độ tối thiểu trên dầm thử nghiệm?"
97,Bộ mã chuẩn nào đã được chọn cho tiếng Việt trong CNTT?,tra_cuu,Chuẩn mã hóa nào được quy định cho tiếng Việt trong lĩnh vực công nghệ thông tin?
98,"Trong xử lý ngôn ngữ, bài toán nào có mục tiêu chuyển văn bản thành tiếng nói?",tra_cuu,"Trong lĩnh vực xử lý ngôn ngữ, bài toán nào nhằm mục đích chuyển đổi dữ liệu văn bản thành âm thanh của con người?"
99,"Theo tài liệu Public_021, khi đo chiều dày màng khô của vật liệu bảo vệ, nguyên tắc nào được áp dụng và liệu có yêu cầu về đường kính vỏ bọc tối thiểu ưu tiên của đầu đo nhiệt liên quan đến quy trình này không?",tra_cuu,"Theo tài liệu Public_021, để xác định độ dày màng khô của vật liệu bảo vệ, thiết bị đo cần tuân theo nguyên tắc nào và đường kính tối thiểu của đầu dò là bao nhiêu?"
102,Chiều dày lớp bảo vệ chịu lửa được định nghĩa như thế nào?,tra_cuu,Chiều dày nào được xác định là chiều dày trung bình của lớp màng phủ khô trong hệ bảo vệ chịu lửa?
103,"Theo tài liệu Public_022, các thử nghiệm chịu lửa được áp dụng cho những loại tiết diện thép nào và không áp dụng cho loại nào?",tra_cuu,Các loại tiết diện thép nào được quy định trong tiêu chuẩn Public_022 cho các thử nghiệm chịu lửa và loại nào không được áp dụng?
106,Chiều dày vật liệu bọc bảo vệ dạng bản hoặc tấm được phép sai lệch tối đa bao nhiêu % so với giá trị trung bình?,tra_cuu,Chiều dày của vật liệu bọc bảo vệ dạng bản hoặc tấm không được sai lệch quá bao nhiêu phần trăm so với giá trị trung bình?
107,"Đối với lớp phủ dạng phản ứng, độ dày trung bình được xác định như thế nào?",tra_cuu,"Đối với lớp phủ dạng phản ứng, cách xác định độ dày trung bình là gì?"
108,Hệ điều hành có những nhiệm vụ chính nào và phiên bản Windows nào cho phép đặt tên tệp dài tới 255 ký tự?,tra_cuu,Phiên bản Windows nào được giới thiệu vào cuối năm 1995 và cho phép đặt tên tập tin tối đa 255 ký tự?
110,Khối lượng riêng của vật liệu bảo vệ dạng thụ động được phép sai lệch tối đa bao nhiêu % so với giá trị trung bình?,tra_cuu,Chênh lệch tối đa giữa các giá trị khối lượng riêng của vật liệu bảo vệ không được vượt quá bao nhiêu % so với giá trị trung bình lớn nhất?
111,"Theo tài liệu Public_024, thực phẩm được định nghĩa là gì?",tra_cuu,"Theo tài liệu Public_024, thực phẩm được hiểu như thế nào?"
112,Thực phẩm giàu protein thường có trong nhóm nguyên liệu nào?,tra_cuu,Nhóm nguyên liệu nào thường chứa nhiều protein?
113,Thực phẩm là gì? Thực phẩm chức năng dùng chủ yếu để làm gì?,tra_cuu,Thực phẩm chức năng có vai trò gì trong việc bảo vệ sức khỏe?
116,Định nghĩa của chiếu xạ thực phẩm trong tài liệu Public_025 là gì?,tra_cuu,Chiếu xạ thực phẩm là gì theo tài liệu Public_025?
117,Tia bức xạ nào hiện nay được sử dụng phổ biến trong công nghiệp thực phẩm?,tra_cuu,Tia bức xạ nào hiện nay được áp dụng rộng rãi trong lĩnh vực sản xuất thực phẩm?
118,Chiếu xạ thực phẩm về mặt cơ sở khoa học là gì? Và mục đích công nghệ chủ yếu hiện nay của chiếu xạ thực phẩm là gì?,tra_cuu,Chiếu xạ thực phẩm là gì và mục đích chính của công nghệ này hiện nay là gì?
119,Nội dung chính của phần “Chiếu xạ trong công nghiệp thực phẩm” là gì?,tra_cuu,Nội dung chính về chiếu xạ trong sản xuất thực phẩm được nêu trong phần nào của đoạn văn?
120,"Nếu một loại trái cây được xử lý bằng liều chiếu xạ 2 kGy, trong khi mức 1 kGy không làm mất vitamin C còn mức 2–4 kGy làm giảm mạnh vitamin C, thì loại trái cây đó có nguy cơ bị giảm giá trị dinh dưỡng như thế nào?",tra_cuu,"Nếu một loại trái cây được chiếu xạ với liều 3 kGy, theo thông tin trong đoạn văn, vitamin C của loại trái cây đó sẽ thay đổi như thế nào?"
121,Xơ dệt được phân loại theo nguồn gốc thành mấy nhóm chính?,tra_cuu,Xơ dệt được chia thành mấy loại chính dựa trên nguồn gốc?
122,"Theo tài liệu Public_026, thành phần chính của xơ len là gì?",tra_cuu,"Theo tài liệu Public_026, thành phần chính của len là gì?"
123,Nội dung chính của chương 1 trong tài liệu `Public_026` là gì?,tra_cuu,Nội dung chính của chương 1 trong tài liệu `Public_056` trình bày những gì?
125,Thành phần chính của xơ bông là gì?,tra_cuu,Thành phần chủ yếu của xơ bông là gì?
129,Ai là những nhà khoa học được ghi nhận phát minh ra transistor lưỡng cực vào năm 1947?,tra_cuu,Ai là ba nhà khoa học được ghi nhận đã phát minh ra transistor vào năm 1947?
130,Transistor NPN có các cực được sắp xếp như thế nào?,tra_cuu,Cực nào của transistor NPN được kết nối với lớp P ở giữa?
131,Transistor được tạo thành từ mấy lớp bán dẫn và ba người nào được ghi nhận là những nhà phát minh ra nó?,tra_cuu,Transistor được cấu thành từ bao nhiêu lớp bán dẫn và ai là ba nhà khoa học được công nhận đã phát minh ra nó?
133,"Nếu bộ phát (Emitter) bị pha tạp nặng, Base pha tạp nhẹ và Collector pha tạp vừa phải, thì vùng nghèo kiệt sẽ mở rộng nhiều hơn về phía nào?",tra_cuu,"Nếu vùng Emitter có tạp chất nặng, Base tạp chất nhẹ và Collector tạp chất ở mức trung bình, thì vùng nghèo kiệt sẽ mở rộng chủ yếu về phía nào?"
134,Vật liệu nào phổ biến nhất được sử dụng làm chất bán dẫn cơ bản?,tra_cuu,Vật liệu nào được coi là chất bán dẫn cơ bản nhất?
135,Quá trình thêm tạp chất vào chất bán dẫn để cải thiện tính dẫn điện gọi là gì?,tra_cuu,Quá trình đưa các tạp chất vào chất bán dẫn nhằm nâng cao khả năng dẫn điện được gọi là gì?
136,Chất bán dẫn tinh khiết là gì và hiện tượng pha tạp (doping) có tác dụng gì?,tra_cuu,Chất bán dẫn tinh khiết có đặc điểm gì và quá trình thêm tạp chất có ảnh hưởng như thế nào đến khả năng dẫn điện của chúng?
139,Đơn vị đo điện dung của tụ điện là gì?,tra_cuu,Đơn vị đo lường khả năng lưu trữ điện tích của tụ điện là gì?
141,Tụ điện là gì và điện dung của tụ được tính theo công thức nào?,tra_cuu,Điện dung của tụ điện phụ thuộc vào yếu tố nào và công thức tính điện dung được biểu diễn như thế nào?
143,"Một tụ điện phẳng có A = 10 m², d = 5 m, điện môi là không khí (εr = 1). Hãy tính điện dung C.",tinh_toan,"Một tụ điện có diện tích A = 10 m² và khoảng cách giữa các bản cực d = 5 m, với môi trường là không khí. Tính toán giá trị của điện dung C."
144,Đơn vị đo điện trở là gì?,tra_cuu,Đơn vị đo điện trở được ký hiệu là gì?
145,Ký hiệu điện trở theo tiêu chuẩn IEC có dạng nào?,tra_cuu,Ký hiệu của điện trở theo tiêu chuẩn IEC được biểu thị bằng hình dạng nào?
146,Điện trở là gì và tại sao được gọi là linh kiện thụ động?,tra_cuu,Linh kiện điện tử nào tạo ra trở kháng và chỉ tiêu thụ năng lượng mà không sản sinh ra năng lượng?
148,"Một mạch nối tiếp gồm R1 = 2Ω, R2 = 4Ω, R3 = 6Ω, dòng điện I = 4A. Hãy tính điện áp toàn mạch.",tinh_toan,"Trong một mạch điện trở nối tiếp có R1 = 2Ω, R2 = 4Ω, R3 = 6Ω và dòng điện I bằng 4A. Tính tổng điện áp của mạch."
149,Nguồn điện nào thường tạo ra điện áp một chiều (DC)?,tra_cuu,Nguồn nào thường cung cấp điện áp một chiều?
150,Định luật Ohm được phát biểu như thế nào?,tra_cuu,"Mối quan hệ giữa dòng điện, điện áp và điện trở được định nghĩa trong định luật nào?"
151,Dòng điện một chiều (DC) là gì và định luật Ohm liên quan như thế nào?,tra_cuu,Dòng điện một chiều (DC) có đặc điểm gì về hướng chảy của các electron?
153,Một mạch có điện áp 12V và điện trở 6Ω. Hãy tính dòng điện chạy qua mạch theo định luật Ohm.,tinh_toan,Một mạch điện có điện áp 24V và dòng điện là 6A. Hãy xác định điện trở trong mạch.
155,Dòng điện tử trong thực tế chảy theo chiều nào?,tra_cuu,Chiều chảy của điện tử trong thực tế là từ đâu đến đâu?
156,Nguồn gốc dòng điện và hai giả thuyết về chiều dòng điện là gì?,tra_cuu,Hai hướng đi của dòng điện được mô tả trong đoạn văn là gì?
157,Nội dung chính của phần “Giới thiệu về điện” trong tài liệu Public_033 là gì?,tra_cuu,Nội dung chính của phần “Giới thiệu về điện” trong tài liệu Public_033 mô tả các thành phần nào cấu tạo nên nguyên tử?
159,"Theo tài liệu Public_034, photodiode hoạt động hiệu quả nhất khi được phân cực như thế nào?",tra_cuu,Photodiode hoạt động hiệu quả nhất khi được kết nối như thế nào?
160,Ai là người đầu tiên đề xuất ý tưởng về phototransistor?,tra_cuu,Ai là người đầu tiên đưa ra khái niệm về phototransistor?
161,Photodiode hoạt động như thế nào và khác gì với phototransistor?,tra_cuu,Photodiode được thiết kế để hoạt động trong kiểu phân cực nào?
163,Một photodiode PIN cho dòng điện 1 µA trong điều kiện chiếu sáng phòng. Một phototransistor cùng điều kiện có dòng lớn hơn khoảng bao nhiêu lần?,tinh_toan,Một phototransistor có dòng điện khoảng bao nhiêu microampere khi được chiếu sáng trong điều kiện phòng?
164,MAE loss còn có tên khác là gì,tra_cuu,L1 Loss là tên gọi khác của chỉ số mất mát nào?
165,"Theo tài liệu Public_035, điều gì xảy ra nếu learning rate quá nhỏ?",tra_cuu,"Nếu hệ số learning rate quá nhỏ, điều gì sẽ xảy ra trong quá trình tìm kiếm giá trị tối ưu của hàm số?"
170,Mạng U-Net có mấy phần chính?,tra_cuu,Mạng U-Net bao gồm mấy thành phần chính?
171,"Theo tài liệu Public_036, có bao nhiêu loại bài toán segmentation và đó là những loại nào?",tra_cuu,"Theo tài liệu Public_036, bài toán phân đoạn ảnh được phân loại thành mấy nhóm và đó là những nhóm nào?"
173,"Xác định padding (p) và stride (s) khi tiến hành transposed convolution với input 4x4, kernel 3x3 để cho ra output 9x9",tinh_toan,"Xác định giá trị của stride (s) và padding (p) trong transposed convolution với input 4x4, kernel 3x3 để đạt được output 9x9."
174,Mô hình skip-gram ban đầu có bao nhiêu lớp ẩn (hidden layer)?,tra_cuu,Mô hình Skip-Gram có bao nhiêu lớp ẩn trong cấu trúc của nó?
175,Co-occurrence matrix có tính chất đối xứng gì và kích thước của ma trận này là bao nhiêu (với V là kích thước từ điển)?,tra_cuu,Co-occurrence matrix là loại ma trận gì và có kích thước bao nhiêu với V là số lượng từ trong từ điển?
177,Đặc điểm của một vector không phải là one-hot encoding là gì?,tra_cuu,Những hạn chế nào của phương pháp one-hot encoding được nêu trong đoạn văn?
179,Sinh mô tả ảnh thuộc vào dạng RNN nào?,tra_cuu,Mô hình RNN nào phù hợp với bài toán tạo nhiều mô tả cho một ảnh?
180,"Theo tài liệu Public_038, câu output của mô hình seq2seq sẽ có thêm mấy token và đó là những token nào?",tra_cuu,"Theo tài liệu Public_038, mô hình seq2seq sẽ thêm bao nhiêu từ để đánh dấu sự bắt đầu và kết thúc của caption, và đó là những từ nào?"
181,"Trong bối cảnh dịch máy, đâu là cách hiểu ""sản phẩm trung gian"" phù hợp với seq2seq?",tra_cuu,"Trong mô hình seq2seq, context vector được lấy từ đâu và có vai trò gì trong quá trình dịch câu?"
183,Đâu không phải là một ứng dụng của GAN được nêu trong phần đầu tiên của tài liệu Public_039?,tra_cuu,Ứng dụng nào dưới đây không được đề cập trong phần mô tả về GAN trong tài liệu Public_039?
184,GAN là viết tắt của?,tra_cuu,GAN được định nghĩa là gì trong lĩnh vực mô hình sinh?
185,"GAN gồm bao nhiêu thành phần mạng và tên gọi của chúng, theo đúng thuật ngữ, là?",tra_cuu,GAN bao gồm mấy mạng và chúng được gọi là gì?
186,Tóm tắt cách hoạt động của GAN?,tra_cuu,Cách hoạt động của GAN dựa trên sự tương tác của hai thành phần nào?
187,Đâu là một ví dụ được coi là tương đồng với cách thức huấn luyện của GAN?,tra_cuu,Một ví dụ nào thể hiện sự tương tự với phương pháp huấn luyện của GAN?
188,Khác biệt về kiến trúc của DCGAN và GAN?,tra_cuu,Cấu trúc đặc trưng nào phân biệt Generator trong DCGAN so với các mô hình GAN thông thường?
189,Input của Generator trong mạng tạo sinh đối kháng (GAN) là gì?,tra_cuu,Đầu vào của mô hình sinh dữ liệu trong GAN là gì?
190,Kích thước ảnh của CIFAR-10 và Fashion-MNIST là gì?,tra_cuu,Kích thước của các bức ảnh trong bộ dữ liệu CIFAR-10 là bao nhiêu?
191,Điểm chung giữa DCGAN và Conditional GAN là?,tra_cuu,Điểm khác biệt chính giữa DCGAN và Conditional GAN là gì?
192,"Đâu là yếu tố tạo nên ""Conditional"" trong Conditional GAN?",tra_cuu,Yếu tố nào cho phép kiểm soát loại hình ảnh được tạo ra trong Conditional GAN?
193,Logistic regression có đầu ra là gì?,tra_cuu,Đầu ra của mô hình logistic regression được tính bằng hàm nào?
194,Đâu là công thức của sigmoid?,tra_cuu,"Hàm nào đảm bảo giá trị luôn nằm trong khoảng [0,1]?"
195,"Hàm mất mát Cross-Entropy biến thiên ra sao khi nhãn thực y_i lần lượt là 1 và 0, ứng với các giá trị xác suất dự đoán p_i?",tra_cuu,"Hàm mất mát binary crossentropy thay đổi ra sao khi nhãn thực y_i lần lượt là 1 và 0, tương ứng với các giá trị dự đoán p_i?"
198,Mô hình neural network lấy cảm hứng từ?,tra_cuu,Mô hình mạng nơ-ron dựa trên cảm hứng từ yếu tố nào?
199,"Neural network bắt chước toàn bộ cơ chế hoạt động của hệ thần kinh, đúng hay sai?",tra_cuu,"Neural network được lấy cảm hứng từ cấu trúc nào trong cơ thể sống, đúng hay sai?"
201,Bài toán về toán tử bit nào là minh chứng cho việc cần xây dựng nhiều hơn một lớp ẩn?,tra_cuu,Bài toán nào cho thấy việc thêm một lớp ẩn vào mô hình có thể giúp giải quyết vấn đề phức tạp hơn?
202,"Theo tài liệu Public_042, vì sao lại nên dùng hàm kích hoạt phi tuyến (non-linear activation)?",tra_cuu,Tại sao hàm activation phi tuyến lại quan trọng trong mạng nơ-ron?
203,Hệ màu RGB biểu diễn tất cả các màu khả kiến dưới dạng tổ hợp của ba màu gì?,tra_cuu,Hệ màu RGB sử dụng ba màu chính nào để tạo ra các màu khác nhau?
204,Tensor được chuyên dùng để mô tả dữ liệu theo mấy chiều,tra_cuu,Tensor được sử dụng để mô tả dữ liệu ở bao nhiêu chiều?
205,Một pixel của ảnh xám có thể nhận giá trị tối thiểu và tối đa lần lượt là?,tra_cuu,Giá trị tối thiểu và tối đa của một pixel trong ảnh xám lần lượt là bao nhiêu?
206,Phép tích chập (convolution) gồm ba yếu tố chính là kernel và hai thành phần nào?,tra_cuu,Các yếu tố chính trong phép tích chập là bộ lọc và thành phần nào khác?
207,"Sử dụng công thức quy đổi RGB sang ảnh xám (p = 0.299 * r + 0.587 * g + 0.114 * b, làm tròn tới hàng đơn vị) được đề cập trong tài liệu Public_043, hãy xác định giá trị pixel ảnh xám ứng với pixel ảnh RGB (100, 10, 1).",tinh_toan,"Khi chuyển đổi từ ảnh màu sang ảnh xám, công thức nào được sử dụng để tính giá trị pixel ảnh xám?"
208,Đâu là vấn đề trong xử lý ảnh mà CNN giải quyết tốt hơn so với các mạng nơ-ron truyền thống?,tra_cuu,Ý tưởng nào trong cấu trúc của mạng CNN giúp giảm khối lượng tính toán so với mạng nơ-ron truyền thống?
209,Pooling layer được thiết kế để?,tra_cuu,Lớp pooling có tác dụng gì trong việc xử lý dữ liệu?
210,Pooling layer của VGG16 có kích thước ra sao và hàm pool là?,tra_cuu,Kích thước của layer pooling trong mạng VGG16 là bao nhiêu và loại hàm pooling được sử dụng là gì?
213,"Theo tài liệu Public_045, điểm chung của Transfer learning và data augmentation là gì?",tra_cuu,Câu hỏi: Kỹ thuật nào được sử dụng để tạo ra dữ liệu huấn luyện từ dữ liệu hiện có?
214,"Theo tài liệu Public_045, đâu không phải là một hình thức data augmentation cho ảnh?",tra_cuu,"Theo tài liệu Public_045, hình thức nào sau đây không thuộc về kỹ thuật tăng cường dữ liệu cho hình ảnh?"
216,"Trường hợp nào sau đây được đề xuất sử dụng Finetuning hơn là Feature extractor?
I. Dữ liệu lớn, khác dữ liệu pretrain
II. Dữ liệu nhỏ, khác dữ liệu pretrain
III. Dữ liệu nhỏ, giống dữ liệu pretrain
IV. Dữ liệu lớn, giống dữ liệu pretrain",tra_cuu,"Trường hợp nào sau đây được khuyến nghị sử dụng phương pháp fine-tuning thay vì phương pháp trích xuất đặc trưng?
I. Dữ liệu lớn, tương tự với dữ liệu đã được huấn luyện trước
II. Dữ liệu nhỏ, tương tự với dữ liệu đã được huấn luyện trước
III. Dữ liệu nhỏ, không giống dữ liệu đã được huấn luyện trước
IV. Dữ liệu lớn, không giống dữ liệu đã được huấn luyện trước"
217,"Theo tài liệu Public_045, đâu không phải là khẳng định đúng giữa Finetuning và Feature extractor?",tra_cuu,"Theo tài liệu Public_045, điều gì khiến fine-tuning đạt được độ chính xác cao hơn so với feature extractor?"
218,Lợi ích chính của vectorization là gì,tra_cuu,Lợi ích chính của việc biểu diễn bài toán dưới dạng vector là gì?
219,"Theo tài liệu Public_046, giá trị p trong dropout thể hiện điều gì?",tra_cuu,"Trong quá trình huấn luyện mô hình, giá trị p trong kỹ thuật dropout biểu thị điều gì?"
220,"Theo tài liệu Public_046, khái niệm tiếng Việt cho bias và variance là gì?",tra_cuu,"Theo tài liệu Public_046, độ lệch và phương sai trong mô hình học máy được hiểu như thế nào?"
222,Một thuật toán gradient descent lấy ra 32 dữ liệu điểm mỗi lần tính đạo hàm thì thuộc loại gradient descent nào?,tra_cuu,Một thuật toán mini-batch gradient descent sẽ sử dụng bao nhiêu dữ liệu điểm cho mỗi lần tính đạo hàm?
223,Input của bài toán object detection là?,tra_cuu,Đầu vào của bài toán phát hiện đối tượng là gì?
224,Vấn đề chính của R-CNN là?,tra_cuu,Hạn chế chính của R-CNN là gì?
228,Bộ dữ liệu được sử dụng trong tài liệu Public_048 có bao nhiêu ảnh?,tra_cuu,Bộ dữ liệu biển số xe máy Việt Nam trong tài liệu chứa tổng cộng bao nhiêu bức ảnh?
233,"Theo tài liệu Public_049, khái niệm được dùng để đại diện tập xác định của một biến là gì?",tra_cuu,Khái niệm nào được sử dụng để mô tả tập hợp các giá trị mà một biến ngẫu nhiên rời rạc có thể nhận?
235,Tên kiểu dữ liệu của ký tự ASCII và ký tự Unicode lần lượt là?,tra_cuu,Tên của bộ mã ký tự cho tiếng Việt và định dạng UTF-8 lần lượt là gì?
236,Đâu không phải khẳng định đúng về các đặc tính của thuật toán được đề cập trong tài liệu Public_049?,tra_cuu,Điều nào sau đây không được đề cập trong mục tiêu của chương về thuật toán trong tài liệu Public_049?
238,"Dựa vào tài liệu Public_050, từ nào điền vào chỗ trống sau: nếu hàm số f(x) bị ... bởi hằng số C nhân với g(x), ta nói f(x) có độ phức tạp O(g(x))?",tra_cuu,"Nếu hàm số f(x) có độ phức tạp là O(g(x)), thì độ phức tạp của f^n(x) là O(...)?"
239,"Theo nguyên tắc tổng, f1(x) + f2(x) có độ phức tạp là?",tinh_toan,"Nếu f1(x) và f2(x) có độ phức tạp lần lượt là O(g1(x)) và O(g2(x)), thì độ phức tạp của f1(x) + f2(x) là gì?"
241,"Theo tài liệu Public_050, bước đầu tiên của quá trình tiếp cận bài toán là gì?",tra_cuu,"Theo quy trình giải quyết vấn đề trên máy tính, bước đầu tiên cần thực hiện là gì?"
243,"Dựa trên tài liệu Public_051, khái niệm nào không thuộc về thuật toán sinh?",tra_cuu,"Dựa trên nội dung của Public_051, thuật toán nào không liên quan đến lược đồ thuật toán giải quyết bài toán tối ưu?"
244,Nội dung của tài liệu Public_051 không bao gồm bài toán nào?,tra_cuu,Nội dung của tài liệu Public_051 không đề cập đến thuật toán nào trong số sau đây?
245,Số hoán vị của N phần tử phân biệt là bao nhiêu và giá trị tương ứng khi N = 3 là?,tinh_toan,Số cách sắp xếp của N phần tử khác nhau là bao nhiêu và giá trị tương ứng khi N = 3 là gì?
246,Đâu là cốt lõi của thuật toán đệ quy?,tra_cuu,Điều kiện nào cần thiết để một bài toán có thể giải bằng phương pháp đệ quy?
247,"Bài toán liệt kê xâu nhị phân độ dài 6 phải trải qua bao nhiêu cấu hình, nếu biết số cấu hình cho độ dài n là 2^n?",tinh_toan,"Bài toán để tạo ra xâu nhị phân kế tiếp từ một xâu bất kỳ cần trải qua bao nhiêu cấu hình, nếu biết rằng xâu cuối cùng sẽ có n số 1?"
249,"Trong bài toán N quân hậu, quân hậu ở hàng thứ i phải thỏa mãn điều gì?",tra_cuu,"Trong thuật toán giải quyết bài toán N quân hậu, điều kiện nào cần kiểm tra để xác định vị trí đặt quân hậu ở hàng thứ i?"
251,"Làm thế nào để áp dụng thuật toán quay lui để duyệt hoặc sinh ra một số tập con K phần tử cụ thể, thay vì duyệt toàn bộ các tập con K phần tử?",tra_cuu,Làm thế nào để sử dụng thuật toán quay lui nhằm liệt kê tất cả các hoán vị của các số từ 1 đến N?
253,Vai trò của sắp xếp đối với hiệu quả của quá trình tìm kiếm dữ liệu là gì?,tra_cuu,Tại sao việc tổ chức và sắp xếp dữ liệu lại quan trọng trong quá trình tìm kiếm thông tin?
254,Cho biết số lượng thuật toán sắp xếp đơn giản được trình bày trong tài liệu Public_053 và tên của chúng?,tra_cuu,Cho biết tên các thuật toán sắp xếp cơ bản được đề cập trong tài liệu Public_053?
255,Độ phức tạp nhỏ nhất của Insertion Sort là?,tra_cuu,Độ phức tạp tốt nhất của thuật toán Quick Sort là bao nhiêu?
257,Đâu không phải một cách chọn khóa (pivot) điển hình trong Quick Sort,tra_cuu,Cách nào dưới đây không phải là phương pháp chọn chốt điển hình trong thuật toán Quick Sort?
258,"Trong heap, chỉ số node con trái và phải của node x lần lượt là? (node gốc có chỉ số 0)",tra_cuu,"Trong cấu trúc Heap, chỉ số của node con trái và con phải của phần tử tại chỉ số i là gì?"
259,Đâu là cấu trúc heap ta nên dùng nếu muốn sắp xếp mảng giảm dần?,tra_cuu,Cấu trúc heap nào được sử dụng để sắp xếp một mảng theo thứ tự giảm dần?
260,Đâu là điểm chung giữa Merge Sort và Quick Sort? Chọn một đáp án,tra_cuu,Điều gì là nền tảng chung giữa Merge-Sort và Quick-Sort? Chọn một đáp án.
262,"Theo tài liệu Public_055, thuật toán đơn giản nhất trong bốn thuật toán được trình bày là gì?",tra_cuu,Thuật toán nào được mô tả là phương pháp sắp xếp đơn giản nhất trong tài liệu Public_055?
266,"Theo tài liệu Public_056, thao tác nào dưới đây không được liệt kê là một thao tác cơ bản trên linked list?",tra_cuu,"Trong danh sách liên kết đơn, thao tác nào sau đây không được đề cập trong tài liệu?"
267,Một node của danh sách liên kết đơn có mấy trường?,tra_cuu,Một node trong danh sách liên kết đơn có bao nhiêu thành phần?
270,"Muốn cập nhật trong linked list phần tử thứ 5 với giá trị 7, ta cần nhập vào khi gọi update() thứ tự giá trị nào cho pos và val?",tra_cuu,"Để cập nhật giá trị cho phần tử thứ 5 trong danh sách liên kết đơn với giá trị 7, bạn cần cung cấp tham số nào cho hàm update() về vị trí và giá trị?"
271,"Theo tài liệu Public_057, đâu không phải là một loại đồ thị được phân loại ở cấp dưới trong hệ thống phân loại đồ thị của tài liệu?",tra_cuu,"Theo đoạn văn, những loại đồ thị nào không thuộc vào phân loại của đồ thị có hướng?"
272,Đồ thị được tạo thành bằng cách bổ sung một đỉnh nối với mọi đỉnh của đồ thị C_n được ký hiệu là?,tra_cuu,Đồ thị được hình thành bằng cách thêm một đỉnh kết nối với tất cả các đỉnh của đồ thị vòng C_n được gọi là gì?
273,Tên gọi riêng cho đỉnh bậc 0 và đỉnh bậc 1 trong đồ thị vô hướng là?,tra_cuu,Tên gọi riêng cho đỉnh không có cạnh và đỉnh có một cạnh trong đồ thị vô hướng là gì?
274,Tài liệu Public_057 mô tả những cách biểu diễn đồ thị nào?,tra_cuu,Tài liệu Public_057 liệt kê những phương pháp nào để biểu diễn đồ thị?
276,"Theo tài liệu Public_058, đâu là một tên gọi khác của kiểm thử chức năng?",tra_cuu,"Theo tài liệu Public_058, thuật ngữ nào được sử dụng để chỉ kiểm thử chức năng?"
278,"Trong tài liệu Public_058, các hành vi ""được đặc tả"" và ""được kiểm thử"" được định nghĩa thuộc tập nào?",tra_cuu,"Trong hình 1.4, các hành vi nào có thể được đặc tả nhưng không được kiểm thử?"
279,"So sánh kiểm thử hộp trắng và kiểm thử hộp đen, phương pháp nào ưu việt hơn?",tra_cuu,"So với kiểm thử hộp đen, kiểm thử hộp trắng cho phép phát hiện loại lỗi nào mà các phương pháp kiểm thử hộp đen thường khó phát hiện?"
281,"Theo tài liệu Public_059, kiểm thử tích hợp tập trung vào vấn đề gì?",tra_cuu,Kiểm thử tích hợp chủ yếu nhằm mục đích gì trong quy trình phát triển phần mềm?
283,"Ngoài hai cách ghép module thông dụng là top down, bottom up thì còn mấy phương pháp và tên của chúng là?",tra_cuu,"Ngoài hai phương thức ghép mô-đun phổ biến là từ trên xuống và từ dưới lên, còn những phương thức nào khác?"
286,Chương Public_060 sẽ đi qua bao nhiêu ví dụ?,tra_cuu,Chương Public_060 sẽ trình bày những ví dụ nào?
287,"Có tất cả bao nhiêu cách để đi đến nút ""Not A Triangle"" trong bài toán Tam giác, theo tài liệu?",tra_cuu,Có bao nhiêu loại hình theo tài liệu không phải là tam giác?
289,"Theo tài liệu Public_060, đâu không phải một yếu tố khiến bài toán Tam giác được đề cập trong đó trở nên phổ biến?",tra_cuu,"Theo đoạn văn, điều gì không được đề cập như một giới hạn cần thiết cho độ dài của các cạnh trong bài toán Tam giác?"
290,"Kết quả kiểm tra xem bộ ba số (3, 4, 5) có tạo thành tam giác vuông hay không?",tinh_toan,"Bộ ba số (3, 4, 5) có phải là tam giác thường không?"
291,Người kiểm thử cần quan tâm điều gì liên quan đến đặc tả được đề cập trong tài liệu Public_061?,tra_cuu,Người kiểm thử cần xem xét điều gì khi khảo sát đặc tả trong tài liệu Public_061?
292,Đâu không phải nguyên tắc cốt lõi của khảo sát đặc tả mức cao theo tài liệu Public_061?,tra_cuu,Nguyên tắc nào không được đề cập liên quan đến khảo sát mã nguồn trong tài liệu Public_061?
293,"Mục đích của từ ""luôn luôn"" và ""nào đó"", theo danh sách thẩm định thuật ngữ trong tài liệu Public_061, là hàm ý tính không mơ hồ và tính kiểm chứng của đặc tả?",tra_cuu,"Mục đích của từ ""đôi khi"" và ""thường gặp"" trong đặc tả phần mềm là gì theo danh sách thẩm định thuật ngữ trong tài liệu Public_061?"
294,Nhận định nào là chính xác về việc kiểm thử đặc tả mức thấp? Chọn hai nhận định,tra_cuu,Nhận định nào là đúng về các thuộc tính của đặc tả phần mềm? Chọn hai nhận định.
296,Giả định cơ bản nào được áp dụng trong kiểm thử giá trị biên?,tra_cuu,Giá trị nào của biến đầu vào được tập trung trong kỹ thuật kiểm thử giá trị biên?
297,Kiểm thử giá trị biên tổ hợp có công thức số ca kiểm thử là hàm số như nào?,tra_cuu,Số lượng ca kiểm thử trong kiểm thử giá trị biên tổng quát cho hàm *n* biến là biểu thức nào?
298,Ký hiệu của cận biên max và cận biên min theo tài liệu Public_062 là gì?,tra_cuu,Ký hiệu của giá trị cận biên dưới và cận biên trên theo tài liệu Public_062 là gì?
299,"Trong kiểm thử giá trị biên, thông thường có bao nhiêu giá trị kiểm thử cụ thể được lựa chọn xung quanh mỗi giới hạn?",tra_cuu,"Trong phương pháp kiểm thử giá trị biên, tổng số ca kiểm thử được xác định cho hàm có *n* biến là bao nhiêu?"
300,"Giả sử một hàm ba biến f(x1, x2, x3) được đem ra kiểm thử giá trị biên, hỏi một ca kiểm thử gốc sẽ cho ra bao nhiêu ca kiểm thử dẫn xuất?",tinh_toan,"Khi áp dụng phương pháp kiểm thử giá trị biên cho một hàm có n biến, tổng số ca kiểm thử tối đa sẽ là bao nhiêu?"
301,Bảng quyết định gồm hai yếu tố chính có tên là?,tra_cuu,Bảng quyết định có các thành phần chính nào?
302,"Theo tài liệu Public_063, giá trị điều kiện chỉ bó buộc trong T/F, nhận định này đúng hay sai?",tra_cuu,"Theo tài liệu Public_063, giá trị của điều kiện trong bảng quyết định có thể nhận những giá trị nào?"
303,"Trong một hệ thống ký hiệu quy trình hoặc trạng thái, ký hiệu cho điều kiện kích hoạt và hành động thực thi lần lượt là gì?",tra_cuu,"Trong bảng điều kiện và hành động, ký hiệu nào đại diện cho điều kiện và ký hiệu nào đại diện cho hành động?"
306,"Theo tài liệu Public_064, yếu tố quan trọng nhất của kiểm thử hộp trắng là gì?",tra_cuu,Yếu tố nào được coi là cần thiết khi áp dụng phương pháp kiểm thử hộp trắng?
307,Dòng điều khiển được mô hình hóa bằng các phương pháp hoặc mô hình cụ thể nào?,tra_cuu,Các thành phần nào cấu thành đồ thị dòng điều khiển?
309,"Theo tài liệu Public_064, có tất cả bao nhiêu độ đo kiểm thử?",tra_cuu,"Theo tài liệu Public_064, hiện có bao nhiêu loại độ đo kiểm thử phổ biến?"
310,"Xét hàm sau:
if (a == 0) return 0;
if (a == b) return 1;
return 2;
Cần bao nhiêu ca kiểm thử để đảm bảo 100% độ phủ cho độ đo C1?",tinh_toan,Cần bao nhiêu ca kiểm thử để đạt được 100% độ phủ cho độ đo C2 trong hàm foo?
312,"Trong tài liệu Public_065, bối cảnh ""các đoạn câu lệnh"" hàm ý gì?",tra_cuu,"Trong tài liệu Public_065, thuật ngữ ""lát cắt chương trình"" có nghĩa là gì?"
313,"Trong xây dựng lát cắt, câu lệnh dạng I-def và I-use đối với biến v sẽ được xử lý như nào? (Trả lời đúng thứ tự)",tra_cuu,"Trong quá trình xây dựng lát cắt, các biến được xác định và sử dụng như thế nào đối với biến *v*? (Trả lời theo thứ tự đúng)"
314,Hình thức sử dụng biến nào không bao giờ nằm trong lát cắt của biến đó?,tra_cuu,Hình thức xác định nào không được đưa vào lát cắt của biến?
316,Mục tiêu của mô hình trong kiểm thử dựa trên mô hình?,tra_cuu,Mục đích của việc áp dụng kiểm thử dựa trên mô hình là gì?
318,FSM và DFA được biểu diễn bằng bộ mấy thành phần?,tra_cuu,Ôtômat đơn định hữu hạn trạng thái được định nghĩa là một bộ bao gồm mấy phần?
319,"Thứ tự của quy trình kiểm tra mô hình? Sắp xếp các bước sau.
1. Sử dụng mô hình tạo ca kiểm thử
2. Chạy kịch bản kiểm thử
3. Đối chiếu kết quả kiểm thử
4. Đánh giá và phản hồi",tra_cuu,"Thứ tự của quy trình kiểm thử dựa trên mô hình là gì? Sắp xếp các bước sau.  
1. Tạo ra ca kiểm thử từ mô hình  
2. Thực hiện các kịch bản kiểm thử  
3. So sánh kết quả thực tế với kết quả mong đợi  
4. Quyết định hành động tiếp theo"
321,Đâu là nhân tố đóng góp vào việc phát triển kiểm thử tự động,tra_cuu,Nhân tố nào giúp nâng cao năng suất trong các dự án/doanh nghiệp khi áp dụng kiểm thử tự động?
324,"Theo tài liệu Public_067, kiến trúc kiểm thử tự động bao gồm những yếu tố nào?",tra_cuu,"Theo tài liệu Public_067, các thành phần chính trong kiến trúc của một bộ công cụ kiểm thử tự động là gì?"
326,"Trong giai đoạn tiền xử lý dữ liệu hình ảnh cho hệ thống thị giác máy tính, kỹ thuật nào giúp giảm nhiễu và tăng độ tương phản?",tra_cuu,Phương pháp nào được đề xuất trong đoạn văn nhằm cải thiện độ tương phản và giảm nhiễu trong xử lý hình ảnh?
328,"Hãy phân tích các bước then chốt trong toàn bộ vòng đời hệ thống thị giác máy tính công nghiệp, từ thu thập dữ liệu hình ảnh đến triển khai và bảo trì, đồng thời nêu rõ vai trò của chuẩn hóa định dạng dữ liệu và kỹ thuật Edge Computing.",tra_cuu,"Hãy nêu các yếu tố quan trọng trong quá trình thu thập và tiền xử lý dữ liệu hình ảnh cho hệ thống thị giác máy tính công nghiệp, cùng với vai trò của việc chuẩn hóa định dạng và giảm nhiễu."
329,Kiến trúc tổng thể của giải pháp thị giác máy tính công nghiệp gồm những giai đoạn chính nào?,tra_cuu,Các bước chính trong quy trình chuẩn bị dữ liệu hình ảnh cho hệ thống thị giác máy tính bao gồm những gì?
330,"Nếu môi trường sản xuất thay đổi ánh sáng thường xuyên nhưng không cập nhật mô hình, hậu quả nào dưới đây có khả năng xảy ra nhất?",tra_cuu,"Nếu không thực hiện cập nhật mô hình trong bối cảnh môi trường sản xuất liên tục thay đổi, vấn đề nào có thể xảy ra?"
331,"Theo tài liệu Public_069, những đặc điểm quan trọng nào của dữ liệu chuỗi thời gian cần được xem xét trong việc dự báo?",tra_cuu,"Theo tài liệu Public_069, những yếu tố nào của dữ liệu chuỗi thời gian cần được chú ý trong việc quản lý và thu thập?"
332,"Khi thu thập dữ liệu với tần suất cao (high-frequency), thách thức lớn nhất thường là gì?",tra_cuu,Thách thức lớn nhất khi phân loại lưu lượng độc hại là gì?
333,"Trình bày quy trình tổng thể để xây dựng hệ thống quản lý dữ liệu chuỗi thời gian từ khâu xác định nguồn, thu thập, tiền xử lý đến lưu trữ và mở rộng; đồng thời giải thích tầm quan trọng của đồng bộ NTP và chiến lược partitioning.",tra_cuu,Trình bày các lĩnh vực mà dữ liệu chuỗi thời gian có mặt và lý do tại sao nó cần các phương pháp thu thập và quản lý đặc thù?
334,"Theo tài liệu Public_069, chuỗi thời gian được lưu trữ hiệu quả thường sử dụng hệ thống hoặc định dạng nào?",tra_cuu,Hệ thống nào được khuyến nghị cho việc lưu trữ chuỗi thời gian với khả năng ghi dữ liệu cao?
336,Thành phần nào trong kiến trúc 5G cho phép chia mạng thành nhiều “lát” phục vụ các dịch vụ khác nhau?,tra_cuu,Thành phần nào trong hệ thống 5G cho phép phân chia mạng thành nhiều phần phục vụ cho các ứng dụng khác nhau?
337,Công nghệ nào giúp tập trung tín hiệu và tăng hiệu quả sử dụng phổ tần trong 5G?,tra_cuu,Công nghệ nào được sử dụng để giảm tiêu thụ năng lượng và tập trung tín hiệu trong hạ tầng 5G?
338,"Hãy mô tả đầy đủ các thành phần kiến trúc chính của mạng 5G, phương pháp triển khai và các cơ chế quản lý dịch vụ & bảo mật, đồng thời nêu rõ vai trò của network slicing và điện toán biên (MEC).",tra_cuu,"Hãy liệt kê các thành phần chính trong kiến trúc mạng 5G, phương thức triển khai và cơ chế quản lý dịch vụ, đồng thời giải thích vai trò của network slicing và điện toán biên."
339,Phương pháp nào giúp giảm chi phí đầu tư và cho phép nhiều nhà cung cấp thiết bị tham gia triển khai hạ tầng 5G?,tra_cuu,Phương pháp nào cho phép nhiều nhà cung cấp tham gia vào việc triển khai hạ tầng 5G và giúp tiết kiệm chi phí đầu tư?
340,"Trong quản lý chất lượng dịch vụ 5G, nhóm dịch vụ nào phù hợp nhất cho truyền video 8K và VR?",tra_cuu,"Trong lĩnh vực quản lý chất lượng dịch vụ 5G, nhóm nào được chỉ định cho việc phát sóng video 8K và thực tế ảo (VR)?"
341,Giao thức nào thường được dùng cho thiết bị IoT tiết kiệm băng thông và nhẹ?,tra_cuu,Giao thức nào được sử dụng cho thiết bị IoT nhằm tiết kiệm năng lượng và nhẹ?
342,"Theo tài liệu Public_071, phương pháp nào cho phép cập nhật firmware hàng loạt mà không cần tiếp cận vật lý thiết bị?",tra_cuu,Phương pháp nào cho phép thực hiện cập nhật firmware đồng loạt mà không cần phải tiếp cận trực tiếp thiết bị?
343,"Trình bày kiến trúc đa lớp và quy trình quản lý mạng IoT quy mô hàng triệu thiết bị, đồng thời giải thích cách bảo mật đa tầng (từ thiết bị đến truyền thông) và cơ chế giám sát–phản ứng sự cố.",tra_cuu,"Trình bày các phương pháp quản lý thiết bị trong mạng IoT quy mô lớn, đồng thời giải thích cách thức giám sát và cập nhật thiết bị từ xa."
344,"Để bảo vệ dữ liệu trong quá trình truyền, lớp bảo mật nào nên được áp dụng cho kết nối TCP/UDP?",tra_cuu,"Để bảo vệ dữ liệu trong quá trình truyền thông qua TCP/UDP, giao thức nào nên được sử dụng?"
345,Việc phân nhóm thiết bị IoT theo vị trí địa lý và mức độ quan trọng giúp đạt mục tiêu chính nào?,tra_cuu,Mục đích của việc phân loại thiết bị trong quản lý IoT là gì?
346,"Theo tài liệu Public_072, DRL là sự kết hợp của những lĩnh vực nào?",tra_cuu,"Theo tài liệu Public_072, DRL kết hợp những lĩnh vực nào?"
347,Thành phần nào đóng vai trò đưa ra hành động trong DRL?,tra_cuu,Thành phần nào thực hiện thuật toán DRL trong hệ thống robot?
348,"Mô tả quy trình xây dựng hệ thống DRL cho robot công nghiệp từ kiến trúc thành phần đến thuật toán, đồng thời nêu các ứng dụng tiêu biểu và thách thức triển khai thực tế.",tra_cuu,Mô tả các thành phần chính trong hệ thống học tăng cường sâu (DRL) cho robot công nghiệp và quy trình tương tác giữa các thành phần này.
349,Ưu điểm lớn nhất của việc mô phỏng trước khi triển khai trên robot thực là gì?,tra_cuu,Lợi ích chính của việc sử dụng mô phỏng trong quá trình huấn luyện robot là gì?
351,"Theo tài liệu Public_073, ưu điểm nổi bật nhất của Federated Learning trong y tế là gì?",tra_cuu,"Theo đoạn văn, lợi ích chính của việc áp dụng Federated Learning trong lĩnh vực y tế là gì?"
353,"Hãy phân tích nguyên lý hoạt động của Federated Learning và các kỹ thuật bảo mật nâng cao, đồng thời nêu lợi ích và thách thức khi áp dụng trong môi trường y tế đa cơ sở.",tra_cuu,Hãy mô tả quy trình hoạt động của Federated Learning từ khởi tạo mô hình đến tổng hợp trọng số.
354,Thách thức lớn nhất khi các bệnh viện có đặc điểm dữ liệu khác nhau là gì?,tra_cuu,Thách thức kỹ thuật nào ảnh hưởng đến việc thu thập dữ liệu giữa các bệnh viện khác nhau?
356,Đơn vị thông tin cơ bản trong điện toán lượng tử là gì?,tra_cuu,Đơn vị cơ bản để lưu trữ thông tin trong điện toán lượng tử là gì?
357,Thuật toán nào thường dùng để tối ưu hóa tổ hợp trong mạng 6G?,tra_cuu,Thuật toán nào thường được áp dụng để giải quyết các vấn đề tối ưu trong mạng 6G?
358,"Trình bày cách điện toán lượng tử hỗ trợ giải các bài toán tối ưu trong mạng 6G, mô tả các thuật toán lượng tử tiêu biểu và kiến trúc triển khai thực tế.",tra_cuu,Mô hình nào trong kiến trúc triển khai thực tế cho phép phần lượng tử xử lý các thành phần tối ưu nặng trong mạng 6G?
359,Hình thức triển khai nào cho phép trạm gốc 6G sử dụng tài nguyên lượng tử từ xa?,tra_cuu,Hình thức nào cho phép trạm gốc 6G truy cập dịch vụ máy tính lượng tử từ xa?
361,Pin nào sử dụng chất điện phân rắn thay cho lỏng?,tra_cuu,Loại pin nào sử dụng chất điện phân ở trạng thái rắn?
362,Ưu điểm nổi bật của pin Sodium-Ion là gì?,tra_cuu,Điểm mạnh chính của pin Sodium-Ion là gì?
363,"Hãy trình bày các công nghệ pin thế hệ mới cho lưới điện thông minh, nêu ưu nhược điểm từng loại và vai trò của AI trong khám phá vật liệu và điều độ năng lượng.",tra_cuu,"Trình bày các loại pin mới cho hệ thống lưu trữ năng lượng, nêu rõ lợi ích và hạn chế của từng loại trong đoạn văn trên."
364,Thách thức lớn của pin Li-S là gì?,tra_cuu,Yếu tố nào gây giảm dung lượng của pin Lithium-Sulfur?
365,Lợi ích chính của việc tích hợp pin vào lưới điện thông minh là gì?,tra_cuu,Lợi ích nào của việc tích hợp pin vào hệ thống điện thông minh giúp tối ưu hóa chi phí?
366,Phương pháp truyền thống nào đã trở nên kém hiệu quả trước tấn công mạng hiện đại?,tra_cuu,Kỹ thuật phòng thủ nào trở nên kém hiệu quả trước các hình thức tấn công mạng hiện đại?
367,Mô hình AI nào được thảo luận trong tài liệu Public_076 phù hợp phát hiện tấn công chuỗi thời gian như DDoS?,tra_cuu,Mô hình AI nào được đề cập trong tài liệu Public_076 là hiệu quả trong việc phân tích dữ liệu chuỗi thời gian nhằm phát hiện tấn công DDoS?
368,"Trình bày kiến trúc tổng thể và các kỹ thuật AI chủ chốt trong hệ thống phát hiện – ứng phó sự cố an ninh mạng, đồng thời giải thích vai trò của học sâu và khả năng phản ứng tự động.",tra_cuu,"Trình bày các kỹ thuật AI quan trọng trong hệ thống phát hiện và ứng phó sự cố an ninh mạng, đồng thời giải thích vai trò của mạng nơ-ron sâu và khả năng tự động hóa phản ứng."
370,"Theo tài liệu Public_076, giải pháp nào cho phép nhiều tổ chức cùng huấn luyện mô hình mà không chia sẻ dữ liệu thô?",tra_cuu,"Theo tài liệu Public_076, phương pháp nào cho phép các tổ chức hợp tác huấn luyện mô hình mà không cần chia sẻ dữ liệu gốc?"
371,Ưu điểm cốt lõi của blockchain trong chuỗi cung ứng là gì?,tra_cuu,Đặc điểm nổi bật của công nghệ blockchain trong lĩnh vực cung ứng là gì?
372,"Trong công nghệ blockchain, thành phần nào đảm bảo các khối không thể chỉnh sửa?",tra_cuu,"Trong công nghệ blockchain, yếu tố nào liên kết các khối với nhau để ngăn chặn việc chỉnh sửa?"
373,"Mô tả nguyên lý hoạt động của blockchain và cách nó giải quyết minh bạch, chống giả mạo trong chuỗi cung ứng, đồng thời nêu thách thức triển khai.",tra_cuu,Blockchain giải quyết vấn đề nào trong chuỗi cung ứng và nêu một trong những khó khăn khi triển khai công nghệ này?
374,Giải pháp nào giúp bảo vệ dữ liệu nhạy cảm trên blockchain?,tra_cuu,Giải pháp nào kết hợp mã hóa và quyền truy cập để bảo vệ thông tin bí mật?
375,"Theo tài liệu Public_077, công nghệ nào kết hợp với blockchain để tự động ghi dữ liệu môi trường?",tra_cuu,Công nghệ nào được kết hợp với cảm biến để ghi lại dữ liệu môi trường vào blockchain?
376,Điện toán biên giải quyết vấn đề độ trễ trong nhà máy thông minh như thế nào?,tra_cuu,Điện toán biên cải thiện độ trễ trong nhà máy thông minh bằng cách làm gì?
377,Ưu điểm nổi bật nhất của Edge Computing so với Cloud Computing truyền thống là gì?,tra_cuu,Ưu điểm chính của Điện toán biên so với giải pháp đám mây truyền thống là gì?
378,"Giải thích nguyên lý hoạt động, kiến trúc và lợi ích của Edge Computing trong các ứng dụng thời gian thực công nghiệp, kèm các ví dụ tiêu biểu.",tra_cuu,"Giải thích vai trò của Edge Computing trong việc xử lý dữ liệu thời gian thực tại các nhà máy thông minh, cùng với các lợi ích chính mà nó mang lại."
380,Lợi ích bảo mật lớn nhất của Edge Computing trong môi trường sản xuất là gì?,tra_cuu,Lợi ích chính của việc sử dụng điện toán biên trong nhà máy thông minh là gì?
381,Điểm mạnh lớn nhất của CNN trong phân tích ảnh y tế là gì?,tra_cuu,Điều gì giúp CNN có khả năng tự động phát hiện đặc trưng trong hình ảnh y tế?
382,Mạng nào chuyên biệt cho bài toán phân đoạn ảnh y tế?,tra_cuu,Mô hình nào được thiết kế đặc biệt cho việc phân đoạn ảnh trong y tế?
383,"Phân tích nguyên lý, cấu trúc mạng CNN và lợi ích khi áp dụng trong phân tích ảnh y tế, nêu các ứng dụng điển hình.",tra_cuu,Liệt kê các lợi ích của CNN trong lĩnh vực y tế được nêu trong đoạn văn trên.
384,Thách thức lớn khi triển khai mạng nơ-ron tích chập (CNN) trong bệnh viện là gì?,tra_cuu,Một trong những khó khăn lớn nhất khi áp dụng mạng nơ-ron tích chập trong các cơ sở y tế là gì?
385,Một xu hướng mới giúp mạng nơ-ron tích chập đảm bảo quyền riêng tư dữ liệu y tế là gì?,tra_cuu,Một phương pháp mới giúp bảo vệ quyền riêng tư trong dữ liệu y tế khi huấn luyện mô hình CNN là gì?
386,Lợi ích lớn nhất của Generative AI trong thiết kế thuốc là gì?,tra_cuu,Lợi ích chính của Generative AI trong việc phát triển thuốc là gì?
387,"Theo tài liệu Public_080, mô hình nào thường dùng để sinh phân tử mới?",tra_cuu,"Theo tài liệu Public_080, quy trình nào được sử dụng để đề xuất nhiều cấu trúc phân tử?"
388,"Trình bày vai trò của Generative AI và các mô hình điển hình trong thiết kế thuốc, đồng thời nêu ứng dụng thực tế.",tra_cuu,Nêu một ứng dụng thực tế của Generative AI trong việc tìm kiếm hợp chất kháng sinh mới?
389,Thách thức quan trọng nhất khi đưa phân tử do AI tạo ra vào thực nghiệm là gì?,tra_cuu,Thách thức lớn nhất cần giải quyết khi thử nghiệm với phân tử do AI thiết kế là gì?
390,Xu hướng nào giúp nhiều tổ chức cùng huấn luyện mô hình AI mà vẫn giữ bí mật dữ liệu hóa học?,tra_cuu,Xu hướng nào cho phép nhiều tổ chức hợp tác huấn luyện mô hình mà không cần chia sẻ thông tin nhạy cảm?
391,Đặc điểm nào khiến GNN phù hợp cho dữ liệu vật liệu?,tra_cuu,Tại sao Mạng Nơ-ron Đồ Thị (GNN) lại là phương pháp hiệu quả cho việc nghiên cứu vật liệu mới?
392,"Từ tài liệu Public_081, những ứng dụng nào là điểm mạnh của GNN trong khoa học vật liệu?",tra_cuu,"Từ tài liệu Public_081, GNN có thể được ứng dụng vào những lĩnh vực nào trong nghiên cứu vật liệu?"
393,"Giải thích cách GNN biểu diễn vật liệu, cơ chế message passing và các ứng dụng trong dự đoán tính chất vật liệu mới.",tra_cuu,Giải thích vai trò của Mạng Nơ-ron Đồ Thị trong việc dự đoán tính chất của vật liệu mới và lý do chúng phù hợp với cấu trúc vật liệu.
394,Thách thức chính khi dùng GNN trong khám phá vật liệu là gì?,tra_cuu,Thách thức lớn nhất khi áp dụng GNN trong nghiên cứu vật liệu là gì?
395,Hướng phát triển tương lai đầy tiềm năng của GNN trong vật liệu là gì?,tra_cuu,Hướng đi tiềm năng nào của GNN có thể cải thiện độ chính xác trong dự đoán tính chất điện tử?
396,Tại sao HPC cần thiết cho mô phỏng khí hậu toàn cầu?,tra_cuu,Tại sao tính toán hiệu năng cao là cần thiết cho việc dự báo thời tiết và mô phỏng khí hậu?
397,Thành phần phần cứng cốt lõi nào giúp hệ thống HPC tối ưu hóa xử lý song song?,tra_cuu,Thành phần nào trong hệ thống HPC chịu trách nhiệm thực hiện các phép tính phức tạp?
398,"Trình bày kiến trúc HPC và vai trò trong mô phỏng khí hậu, dự báo thời tiết cực đoan, nêu công nghệ hỗ trợ.",tra_cuu,Trình bày vai trò của tính toán hiệu năng cao trong việc mô phỏng khí hậu và dự báo các hiện tượng thời tiết khắc nghiệt.
399,Thách thức lớn nhất về vận hành siêu máy tính khí hậu là gì?,tra_cuu,Thách thức lớn nhất trong việc phát triển siêu máy tính khí hậu là gì?
400,Xu hướng tương lai giúp tăng tốc mô phỏng khí hậu là gì?,tra_cuu,Những công nghệ nào có thể giúp nâng cao độ chính xác và tốc độ mô phỏng khí hậu trong tương lai?
401,Đặc điểm nào nổi bật nhất của 6G so với 5G?,tra_cuu,"Tốc độ tối đa mà mạng 6G có thể đạt được là bao nhiêu, so với 5G?"
402,Dải tần nào sẽ được khai thác chủ yếu trong 6G?,tra_cuu,Dải tần nào sẽ được sử dụng chủ yếu trong công nghệ 6G?
403,"Giải thích đặc trưng cốt lõi của 6G và vai trò AI trong tối ưu và bảo mật mạng, nêu các ứng dụng tiêu biểu.",tra_cuu,"Trình bày vai trò của trí tuệ nhân tạo trong mạng 6G, nêu rõ các chức năng cụ thể mà AI thực hiện để tối ưu và bảo mật hệ thống."
404,Ứng dụng nào cần 6G để đạt độ trễ siêu thấp?,tra_cuu,Ứng dụng nào yêu cầu giao tiếp với độ trễ cực thấp để hoạt động hiệu quả?
405,Thách thức chính khi triển khai 6G là gì?,tra_cuu,Những yếu tố nào ảnh hưởng đến chi phí triển khai mạng 6G?
406,Cảm biến nào cung cấp bản đồ 3D chính xác cho xe tự hành?,tra_cuu,Cảm biến nào tạo ra mô hình 3D chính xác cho phương tiện tự hành?
407,Kỹ thuật nào giúp hợp nhất dữ liệu từ nhiều cảm biến khác nhau nhằm nâng cao độ chính xác và độ tin cậy của thông tin?,tra_cuu,Kỹ thuật nào kết hợp dữ liệu từ các cảm biến khác nhau để cải thiện độ chính xác và độ tin cậy của thông tin?
408,"Mô tả các thành phần cảm biến, thuật toán và thách thức của hệ thống thị giác máy tính thế hệ tiếp theo cho xe tự hành.",tra_cuu,Mô tả vai trò của công nghệ thị giác máy tính trong việc giúp xe tự hành hoạt động an toàn?
409,Thách thức quan trọng nhất đối với xử lý thời gian thực trong xe tự hành là gì?,tra_cuu,Yếu tố nào đòi hỏi phần cứng mạnh mẽ và tối ưu hóa mô hình để đảm bảo độ trễ xử lý dưới 50 ms trong xe tự hành?
410,"Theo tài liệu Public_084, xu hướng tương lai nào cho phép xe giao tiếp trực tiếp với hạ tầng giao thông?",tra_cuu,"Theo tài liệu Public_084, xu hướng nào cho phép xe giao tiếp với cơ sở hạ tầng giao thông?"
411,Kỹ thuật nào cho phép robot học từ phản hồi môi trường để tối ưu hành động?,tra_cuu,Kỹ thuật nào cho phép robot cải thiện chiến lược điều khiển thông qua phản hồi từ hành động của mình?
412,Cảm biến nào giúp robot điều chỉnh lực cầm nắm chính xác?,tra_cuu,Cảm biến nào hỗ trợ robot điều chỉnh độ mạnh của lực nắm giữ?
413,"Nêu chi tiết cách các cơ chế học của robot công nghiệp tự học được áp dụng để cải thiện thuật toán lập kế hoạch đường đi trong môi trường nhà máy thông minh, kèm theo các ví dụ thực tiễn.",tra_cuu,Liệt kê các công nghệ học mà robot công nghiệp tự học sử dụng để tối ưu hóa quá trình lập kế hoạch đường đi trong môi trường sản xuất thông minh và đưa ra ví dụ cụ thể.
414,Thách thức quan trọng khi triển khai robot tự học là gì?,tra_cuu,Yếu tố nào cần được đảm bảo để robot tự học hoạt động an toàn khi tương tác với con người?
415,Phương pháp nào giảm chi phí huấn luyện robot trong thế giới thực?,tra_cuu,Phương pháp nào giúp giảm thiểu rủi ro trong quá trình huấn luyện robot thực tế?
416,"Theo tài liệu Public_086, lợi ích lớn nhất của AI trong quản lý năng lượng tái tạo là gì?",tra_cuu,"Theo tài liệu Public_086, một trong những lợi ích chính của AI trong quản lý năng lượng tái tạo là gì?"
417,Công nghệ nào cho phép xử lý dữ liệu nhanh ngay tại nguồn phát sinh?,tra_cuu,Công nghệ nào giúp xử lý dữ liệu ngay tại nơi phát sinh?
418,"Phân tích vai trò của AI trong dự báo, tối ưu và điều phối năng lượng tái tạo cho thành phố thông minh, đồng thời nêu rõ hạ tầng công nghệ hỗ trợ.",tra_cuu,"Phân tích lợi ích của trí tuệ nhân tạo trong việc quản lý và tối ưu hóa nguồn năng lượng tái tạo tại thành phố thông minh, đồng thời chỉ ra các ứng dụng công nghệ cần thiết."
419,Thách thức chính trong việc triển khai AI quản lý năng lượng tái tạo là gì?,tra_cuu,Thách thức lớn nhất trong việc triển khai mạng 6G là gì?
420,Xu hướng nào cho phép giao dịch điện năng trực tiếp giữa các hộ dân?,tra_cuu,Xu hướng nào cho phép giao dịch năng lượng giữa các hộ gia đình theo hình thức ngang hàng?
421,Yếu tố chính khiến AI quan trọng trong giám sát chất lượng không khí đô thị?,tra_cuu,Yếu tố nào giúp AI có khả năng phân tích dữ liệu môi trường và dự đoán tình trạng ô nhiễm?
422,Công nghệ nào kết hợp dữ liệu cảm biến và vệ tinh để dự đoán ô nhiễm?,tra_cuu,Công nghệ nào sử dụng dữ liệu từ cảm biến mặt đất và vệ tinh để đánh giá tình trạng ô nhiễm không khí?
423,Mô tả kiến trúc cảm biến và vai trò của trí tuệ nhân tạo (AI) trong dự báo và phát hiện bất thường về chất lượng không khí đô thị.,tra_cuu,Trí tuệ nhân tạo (AI) có vai trò gì trong việc giám sát và dự đoán ô nhiễm không khí đô thị?
424,"Theo tài liệu Public_087, thách thức lớn khi triển khai hệ thống AI giám sát không khí là gì?",tra_cuu,"Theo tài liệu Public_087, một trong những khó khăn lớn khi áp dụng hệ thống AI trong giám sát không khí là gì?"
425,Những công nghệ hoặc phương pháp luận tương lai nào hỗ trợ việc thử nghiệm chính sách môi trường trong mô hình ảo?,tra_cuu,Những công nghệ nào có thể tạo bản sao ảo của đô thị để thử nghiệm chính sách môi trường?
426,Lợi thế lưu trữ của DNA so với ổ cứng truyền thống là gì?,tra_cuu,Lợi ích nổi bật của DNA trong lưu trữ dữ liệu so với ổ cứng truyền thống là gì?
427,Quá trình nào trong DNA đóng vai trò như cổng logic trong tính toán sinh học?,tra_cuu,Quá trình nào trong DNA hoạt động như các cổng logic trong việc xử lý thông tin?
428,"Giải thích nguyên lý tính toán dựa trên DNA và các ứng dụng nổi bật trong y sinh học, đồng thời nêu ưu thế so với máy tính silicon.",tra_cuu,Giải thích vai trò của DNA trong việc phát triển máy tính sinh học và nêu các lĩnh vực ứng dụng quan trọng trong y học.
430,Xu hướng nào cho phép kết hợp ưu điểm của điện tử và DNA?,tra_cuu,Xu hướng nào tích hợp lợi ích của công nghệ điện tử và sinh học?
431,Hiện tượng nào đặc trưng của vật liệu siêu dẫn?,tra_cuu,Hiện tượng nào cho phép vật liệu siêu dẫn đẩy từ trường ra ngoài?
432,Hợp chất nào đã cho thấy siêu dẫn gần nhiệt độ phòng khi nén áp suất cao?,tra_cuu,Hợp chất nào đã cho thấy khả năng siêu dẫn ở khoảng 15 °C khi được nén ở áp suất cao?
433,Tài liệu Public_089 trình bày những tiến bộ nào trong việc đạt siêu dẫn nhiệt độ phòng?,tra_cuu,Tài liệu Public_089 đề cập đến những cải tiến nào trong lĩnh vực siêu dẫn ở nhiệt độ cao?
434,Thách thức lớn nhất để thương mại hóa siêu dẫn nhiệt độ phòng?,tra_cuu,Thách thức lớn nhất trong việc duy trì tính siêu dẫn ở điều kiện môi trường bình thường là gì?
435,Công nghệ nào hỗ trợ khám phá vật liệu siêu dẫn mới nhanh hơn?,tra_cuu,Công nghệ nào đang được sử dụng để tăng tốc quá trình khám phá vật liệu mới?
436,Điểm khác biệt cốt lõi của máy tính neuromorphic so với kiến trúc Von Neumann là gì?,tra_cuu,Điểm khác biệt chính giữa máy tính neuromorphic và máy tính truyền thống nằm ở đâu?
437,"Trong các mạng thần kinh nhân tạo, thành phần nào đóng vai trò tương tự synapse sinh học?",tra_cuu,"Trong mạng nơ-ron nhân tạo, thành phần nào thực hiện chức năng tương tự như synapse trong hệ thống sinh học?"
438,"Mô tả kiến trúc và nguyên lý của máy tính neuromorphic lấy cảm hứng từ não người, so sánh với kiến trúc Von Neumann và nêu ứng dụng AI.",tra_cuu,Mô tả cách mà máy tính neuromorphic mô phỏng hoạt động của bộ não người và nêu lợi ích về năng lượng so với siêu máy tính hiện đại?
439,Ứng dụng nào nổi bật của chip neuromorphic trong y tế?,tra_cuu,Chip neuromorphic trong lĩnh vực y tế có vai trò gì?
440,Thách thức lớn nhất trong thương mại hóa chip neuromorphic hiện nay là gì?,tra_cuu,Thách thức nào lớn nhất liên quan đến việc sản xuất vật liệu cho chip neuromorphic hiện tại?
441,Điểm khác biệt lớn nhất của pin thể rắn so với pin lithium-ion truyền thống là gì?,tra_cuu,Sự khác biệt chính giữa pin thể rắn và pin lithium-ion là gì?
442,Ưu điểm quan trọng nhất giúp pin thể rắn an toàn hơn?,tra_cuu,Điểm khác biệt chính giữa pin thể rắn và pin truyền thống là gì?
443,"Dựa trên tài liệu Public_091, hãy phân tích cấu trúc, nguyên lý, ưu điểm của pin thể rắn so với lithium-ion, nêu ứng dụng thực tế và thách thức.",tra_cuu,Pin thể rắn khác pin Lithium-ion ở điểm nào về chất điện phân sử dụng?
444,Thách thức chính cản trở thương mại hóa pin thể rắn là gì?,tra_cuu,Yếu tố nào cần cải thiện để giảm giá thành của pin thể rắn và pin Li-S?
445,"Theo tài liệu Public_091, những xu hướng nghiên cứu nào giúp tăng tính ổn định của pin thể rắn?",tra_cuu,"Theo tài liệu Public_091, những nghiên cứu nào đã được thực hiện để cải thiện hiệu suất của pin thể rắn?"
446,Điểm đặc trưng của siêu vật liệu so với vật liệu tự nhiên là gì?,tra_cuu,Điểm khác biệt chính giữa siêu vật liệu và vật liệu tự nhiên là gì?
447,Công nghệ nào trong mạng 6G tận dụng siêu vật liệu để tăng vùng phủ sóng?,tra_cuu,Công nghệ nào trong mạng 6G sử dụng siêu vật liệu để cải thiện khả năng truyền tín hiệu?
448,"Giải thích cấu trúc, nguyên lý và ứng dụng siêu vật liệu trong điều khiển sóng điện từ và mạng 6G.",tra_cuu,Giải thích vai trò của siêu vật liệu trong việc phát triển anten thông minh và hệ thống điều khiển sóng điện từ cho mạng 6G.
449,Thách thức lớn nhất hiện nay khi thương mại hóa siêu vật liệu?,tra_cuu,Những yếu tố nào làm cho việc sản xuất siêu vật liệu trở nên khó khăn và tốn kém?
450,"Theo tài liệu Public_092, xu hướng nào hứa hẹn tối ưu hoạt động RIS trong 6G?",tra_cuu,"Theo tài liệu Public_092, xu hướng nào đang hứa hẹn cải thiện hiệu suất của RIS trong mạng 6G?"
451,Điểm khác biệt chính của máy tính quang học so với điện tử?,tra_cuu,Điểm nổi bật của máy tính quang học so với máy tính điện tử là gì?
452,Thành phần nào cho phép thực hiện phép nhân–cộng ma trận bằng ánh sáng?,tra_cuu,Thành phần nào cho phép thực hiện phép toán ma trận bằng ánh sáng?
453,"Trình bày nguyên lý tính toán bằng photon, lợi ích và ứng dụng trong AI thế hệ mới.",tra_cuu,Trình bày những ưu điểm của máy tính quang học so với máy tính điện tử truyền thống trong việc xử lý thông tin?
454,Thách thức quan trọng nhất trong sản xuất chip quang?,tra_cuu,Những vấn đề chính trong việc chế tạo chip quang là gì?
456,Công cụ chính để mô phỏng sự hình thành vũ trụ được thảo luận trong tài liệu Public_094 là gì?,tra_cuu,Công cụ chính để tái hiện các giai đoạn sớm nhất của vũ trụ trong tài liệu Public_094 là gì?
457,"Theo tài liệu Public_094, mô phỏng N-body chủ yếu tái hiện điều gì?",tra_cuu,Mô phỏng N-body chủ yếu tính toán điều gì trong vũ trụ?
458,"Mô tả mục tiêu, công nghệ mô phỏng và ứng dụng của vũ trụ học tính toán trong nghiên cứu vũ trụ.",tra_cuu,Mô tả vai trò của vũ trụ học tính toán trong việc hiểu các giai đoạn đầu của vũ trụ và dự đoán tương lai của nó?
459,Thách thức lớn nhất hiện nay của vũ trụ học tính toán là gì?,tra_cuu,Thách thức nào liên quan đến việc quản lý dữ liệu trong mô phỏng vũ trụ học hiện đại?
460,Công nghệ tương lai nào hứa hẹn tăng độ phân giải mô phỏng vũ trụ?,tra_cuu,Công nghệ nào giúp cải thiện tốc độ và hiệu quả trong việc mô phỏng vũ trụ?
461,Thách thức lớn nhất của Sao Hỏa khiến nước khó tồn tại ở dạng lỏng?,tra_cuu,Yếu tố nào trong môi trường Sao Hỏa làm cho nước không thể duy trì trạng thái lỏng?
462,Biện pháp nào có thể tạo từ trường nhân tạo cho Sao Hỏa?,tra_cuu,Biện pháp nào có thể sử dụng để bảo vệ khí quyển của Sao Hỏa khỏi gió Mặt Trời?
463,"Phân tích các phương pháp cải tạo khí hậu Sao Hỏa, công nghệ hỗ trợ và thách thức đạo đức – kỹ thuật.",tra_cuu,Những yếu tố nào khiến Sao Hỏa trở thành ứng viên tiềm năng cho việc cải tạo khí hậu?
464,"Theo tài liệu Public_095, công nghệ nào giúp xây dựng cơ sở hạ tầng tự động trên Sao Hỏa?",tra_cuu,Công nghệ nào hỗ trợ xây dựng căn cứ và cấu trúc bảo vệ bức xạ trên Sao Hỏa?
466,Điều kiện cần thiết để quá trình nhiệt hạch xảy ra là gì?,tra_cuu,Nhiệt độ tối thiểu cần thiết để kích hoạt phản ứng nhiệt hạch trên Trái Đất là bao nhiêu?
467,Lò phản ứng Tokamak là gì?,tra_cuu,Lò phản ứng Tokamak sử dụng loại từ trường nào để giữ plasma?
468,"Phân tích nguyên lý hoạt động, nhiên liệu, ưu điểm và các công nghệ lò phản ứng nhiệt hạch, đồng thời nêu các thách thức kỹ thuật – kinh tế trong thương mại hóa.",tra_cuu,Những ưu điểm chính của lò phản ứng nhiệt hạch bao gồm những gì?
469,Dự án quốc tế nào đang xây dựng lò phản ứng 500 MW ở Pháp?,tra_cuu,Dự án nào ở Pháp nhằm sản xuất 500 MW điện năng từ 50 MW đầu vào?
471,Sản phẩm phụ duy nhất của pin nhiên liệu hydro là gì?,tra_cuu,Sản phẩm phụ duy nhất được tạo ra từ quá trình chuyển hóa hydro và oxy trong pin nhiên liệu là gì?
472,Ưu điểm lớn của hydro so với pin lithium-ion cho xe tải đường dài?,tra_cuu,Lợi ích chính của hydro so với pin lithium-ion trong việc sử dụng cho xe tải đường dài là gì?
473,"Giải thích nguyên lý pin nhiên liệu hydro và ứng dụng trong giao thông, đồng thời nêu lợi ích và thách thức hạ tầng.",tra_cuu,"Giải thích cách mà pin nhiên liệu hydro hoạt động và nêu ứng dụng của nó trong lĩnh vực vận tải, đồng thời chỉ ra lợi ích và thách thức đối với cơ sở hạ tầng."
474,Thách thức lớn nhất để triển khai đại trà giao thông hydro?,tra_cuu,Những khó khăn lớn nhất trong việc phát triển hệ thống giao thông sử dụng hydro là gì?
475,Hãng xe nào đã thương mại hóa xe hơi chạy pin nhiên liệu hydro?,tra_cuu,Hãng xe nào đã phát triển xe chạy bằng pin nhiên liệu hydro?
476,Cơ chế lưu trữ năng lượng của siêu tụ điện dựa trên gì?,tra_cuu,Cơ chế nào giúp siêu tụ điện lưu trữ năng lượng ngoài điện dung hai lớp?
477,Ưu điểm nổi bật giúp siêu tụ phù hợp cho xe buýt điện đô thị?,tra_cuu,Điểm mạnh nào của siêu tụ điện giúp nó trở thành lựa chọn lý tưởng cho phương tiện giao thông công cộng?
478,"Trình bày cơ chế hoạt động, ưu điểm, và ứng dụng của siêu tụ điện trong giao thông bền vững, đồng thời so sánh với pin truyền thống.",tra_cuu,Trình bày những đặc điểm nổi bật của siêu tụ điện so với pin lithium-ion và nêu ứng dụng của nó trong lĩnh vực giao thông bền vững.
479,Ứng dụng nào tận dụng siêu tụ để thu hồi năng lượng phanh?,tra_cuu,Ứng dụng nào sử dụng siêu tụ điện để lưu trữ năng lượng tái tạo từ phanh trong xe đua?
480,Hạn chế chính của siêu tụ điện so với pin lithium-ion là gì?,tra_cuu,Hạn chế lớn nhất của siêu tụ điện so với pin lithium-ion là gì?
481,Ưu điểm lớn nhất của pin natri-ion so với pin lithium-ion là gì?,tra_cuu,Lợi thế nổi bật nhất của pin natri-ion so với pin lithium-ion là gì?
482,Thách thức kỹ thuật chính của pin natri-ion hiện nay?,tra_cuu,Những khó khăn chính của pin natri-ion hiện nay là gì?
483,"Mô tả cấu trúc, cơ chế và lợi ích chiến lược của pin natri-ion, nêu ứng dụng thực tế và các thách thức hiện nay.",tra_cuu,"Mô tả các thành phần chính của pin natri-ion, nêu sự khác biệt về ion so với pin lithium-ion và ảnh hưởng của vật liệu làm điện cực đến hiệu suất?"
484,Công ty nào công bố pin natri-ion thương mại đầu tiên?,tra_cuu,Công ty nào đã giới thiệu công nghệ pin natri-ion thương mại đầu tiên?
485,Lợi ích xã hội quan trọng khi phát triển pin natri-ion?,tra_cuu,Lợi ích xã hội nổi bật khi sản xuất pin natri-ion là gì?
486,Điện toán không gian kết hợp những công nghệ nào để tạo trải nghiệm 3D thực?,tra_cuu,Điện toán không gian tích hợp những công nghệ nào để mang đến trải nghiệm 3D chân thực?
487,Ứng dụng nào minh họa rõ nhất lợi ích của điện toán không gian trong y tế?,tra_cuu,Ứng dụng nào thể hiện rõ nhất lợi ích của công nghệ 3D trong lĩnh vực y tế?
488,"Giải thích khái niệm, thành phần cốt lõi và các ứng dụng tiêu biểu của điện toán không gian, đồng thời phân tích thách thức triển khai.",tra_cuu,Liệt kê các thành phần chính của điện toán không gian theo đoạn văn trên.
489,Cấu hình hạ tầng mạng nào cần thiết để đảm bảo độ trễ thấp và băng thông cao cho trải nghiệm thực tế ảo (VR) mượt mà?,tra_cuu,Hạ tầng mạng nào cung cấp băng thông lớn và độ trễ thấp để cải thiện trải nghiệm trong thực tế ảo?
490,Những xu hướng công nghệ tương lai quan trọng nào trong lĩnh vực điện toán không gian dự kiến sẽ tác động đến các ngành công nghiệp chính trong 5 năm tới?,tra_cuu,Những công nghệ nào trong điện toán không gian dự kiến sẽ thay đổi cách tương tác trong các ngành công nghiệp trong 5 năm tới?
491,"Cho ma trận hiệp phương sai S của dữ liệu đã chuẩn hoá có các trị riêng λ1=5,λ2=2,λ3=1,λ4=0.5\lambda_1=5, \lambda_2=2, \lambda_3=1, \lambda_4=0.5λ1​=5,λ2​=2,λ3​=1,λ4​=0.5 (giảm dần). Nếu chọn K=2K=2K=2 thành phần chính, tỉ lệ phương sai được giữ lại là bao nhiêu?",tinh_toan,"Nếu chọn K=2 thành phần chính trong phân tích thành phần chính, phương sai dữ liệu được giữ lại từ các trị riêng nào?"
492,"Trong hiện tượng nhiễu xạ, (1) khi nào xảy ra nhiễu xạ Fresnel, và (2) khi nào xảy ra nhiễu xạ Fraunhofer?",tra_cuu,"Trong hiện tượng nhiễu xạ, (1) điều kiện nào dẫn đến nhiễu xạ Fraunhofer, và (2) điều kiện nào dẫn đến nhiễu xạ Fresnel?"
493,Hiện tượng giao thoa sóng xảy ra khi nào?,tra_cuu,Hiện tượng giao thoa ánh sáng xảy ra trong trường hợp nào?
494,Mét được định nghĩa dựa trên hiện tượng nào và giây được định nghĩa dựa trên dao động của nguyên tử nào?,tra_cuu,Mét được định nghĩa dựa trên hiện tượng nào và giây được xác định dựa trên dao động của nguyên tử gì?
497,Ai là người giải thích thành công hiện tượng quang điện bằng thuyết lượng tử ánh sáng?,tra_cuu,"Ai là nhà khoa học đã đề xuất khái niệm ""hạt"" ánh sáng, đánh dấu sự khởi đầu của lý thuyết cơ học lượng tử?"
498,"Trong tài liệu Public_120, cho điểm X1 = (5, 2, 4); X2 = (3, 8, 1). Tính khoảng cách Euclidean của chúng dựa trên công thức trong phần MLkNN.",tinh_toan,"Trong đoạn văn, thuật toán kNN sử dụng loại khoảng cách nào để tính toán khoảng cách giữa các điểm dữ liệu?"
501,Điều kiện cần và đủ để một vật rắn ở trạng thái cân bằng là:,tra_cuu,Điều kiện nào để chai rượu có thể đứng vững trên giá đỡ?
502,"Một điện tích thử q=+2 Cq = +2 \, Cq=+2C được dịch chuyển trong điện trường từ điểm M đến điểm N. Công của lực điện thực hiện là 10 J10 \, J10J. Hiệu điện thế giữa hai điểm M và N bằng bao nhiêu?",tinh_toan,"Hiệu điện thế giữa hai điểm A và B trong điện trường có thể được tính bằng công của lực điện thực hiện trên điện tích q khi di chuyển từ A đến B, nếu công này bằng 20 J. Nếu điện tích q bằng +4 C, hiệu điện thế giữa hai điểm A và B là bao nhiêu?"
505,Hàm mục tiêu Fisher cho bài toán 2 lớp được viết dưới dạng nào?,tra_cuu,Hàm mục tiêu Fisher cho bài toán phân loại hai lớp được biểu diễn dưới dạng nào?
506,"Theo tài liệu Public_111, công thức tính xác suất đồng thời của mạng Bayes dựa trên công thức toán học nào?",tra_cuu,Công thức tổng quát để tính xác suất đồng thời của n biến trong mạng Bayes là gì?
507,Hai thuật toán quan trọng trong Linear-Chain CRFs lần lượt được dùng cho huấn luyện và suy luận là gì?,tra_cuu,Thuật toán nào được sử dụng để xác định chuỗi nhãn có xác suất xảy ra cao nhất trong Linear-Chain CRFs?
509,Điểm chung của mọi dạng chuyển động trong không gian hai chiều là:,tra_cuu,"Bản chất nào của các đại lượng vị trí, vận tốc và gia tốc được thảo luận trong chuyển động hai chiều?"
510,Nghiệm w tối ưu (Fisher) có thể chọn tỉ lệ theo biểu thức nào?,tra_cuu,Nghiệm tỷ lệ w trong phân tích phân biệt tuyến tính của Fisher có thể được xác định bằng biểu thức nào?
511,Trọng tâm của một vật rắn là:,tra_cuu,Trọng tâm của thanh xà đồng chất nằm ở đâu?
513,Mô hình nào sử dụng self-attention để thay thế RNN trong hệ gợi ý tuần tự?,tra_cuu,Mô hình nào thay thế RNN trong hệ thống gợi ý tuần tự và dựa trên cơ chế self-attention?
514,"Trong va chạm đàn hồi, động lượng của hệ có đặc điểm gì và năng lượng của hệ có đặc điểm gì?",tra_cuu,"Trong va chạm hoàn toàn không đàn hồi, tổng động lượng của hệ có được bảo toàn không và năng lượng của hệ có đặc điểm gì?"
515,"Một sợi dây dài 1,2m được căng cố định hai đầu. Trên dây có sóng dừng với 3 bụng sóng. Biết vận tốc truyền sóng trên dây là 60m/s. Tần số của sóng bằng bao nhiêu?",tinh_toan,"Một sợi dây dài 1,2m được cố định ở hai đầu. Trên dây có sóng đứng với 3 bụng sóng. Vận tốc truyền sóng trên dây là 60m/s. Hãy tính tần số của sóng."
516,Khái niệm cân bằng tĩnh thường được ứng dụng nhiều nhất trong lĩnh vực nào?,tra_cuu,Khái niệm cân bằng tĩnh được áp dụng chủ yếu trong lĩnh vực nào?
517,Đơn vị của tốc độ góc trong hệ SI là:,tra_cuu,Đơn vị của gia tốc trong hệ SI là gì?
519,Trình bày nội dung chính của Định lý công - động năng.,tra_cuu,Trình bày nội dung cơ bản của mối liên hệ giữa động năng tịnh tiến và động năng quay trong định lý công - động năng.
521,"Định luật II Newton cho biết mối quan hệ giữa lực và gia tốc, và định luật III Newton mô tả mối quan hệ giữa hai lực nào?",tra_cuu,Định luật III Newton mô tả mối quan hệ giữa lực do vật 1 tác dụng lên vật 2 và lực do vật 2 tác dụng lên vật 1 như thế nào?
522,"Sử dụng tài liệu `Public_117`, tính P(y=1∣x=1) theo quy tắc Bayes với y∈{0,1} có P(y=1)=0.4 và x∈{0,1} có P(x=1∣y=1)=0.9, P(x=1∣y=0)=0.2.",tinh_toan,"Áp dụng quy tắc Bayes, công thức nào được sử dụng để tính xác suất P(y∣x) trong đoạn văn?"
524,Điểm chung của các chuẩn đo lường cơ bản trong hệ SI là:,tra_cuu,Đơn vị đo lường nào được sử dụng cho khối lượng trong hệ SI?
525,"Áp kế thủy ngân của Torricelli được dùng để đo đại lượng nào, và giá trị đo phụ thuộc vào yếu tố nào?",tra_cuu,Áp suất đo được bằng nhiệt kế khí đẳng tích có phụ thuộc vào yếu tố nào khi thực hiện thí nghiệm ở các nhiệt độ khác nhau?
526,"Một vật có diện tích đáy tiếp xúc với chất lỏng là 0,5 𝑚2. Nếu áp suất của chất lỏng tác dụng lên bề mặt đó là 2000Pa, thì lực mà chất lỏng tác dụng lên vật là bao nhiêu?",tinh_toan,Áp suất khí quyển được đo bằng khí áp kế Torricelli có cấu tạo chính là gì?
528,"Trong hệ tọa độ cực, một điểm có tọa độ (r, θ). Công thức chuyển đổi sang tọa độ Descartes là:",tra_cuu,"Trong hệ tọa độ Descartes, công thức nào được sử dụng để tính toán bán kính r từ các tọa độ x và y?"
529,CIDNet sử dụng kiến trúc mạng nào để xử lý ảnh ánh sáng yếu?,tra_cuu,CIDNet áp dụng kiến trúc nào để nâng cao khả năng xử lý ảnh trong điều kiện ánh sáng kém?
530,Lực ma sát trượt có những đặc điểm nào?,tra_cuu,Lực ma sát trượt có đặc điểm nào so với lực ma sát nghỉ?
531,Công do một lực sinh ra được tính bằng:,tra_cuu,Công của một lực tác dụng lên một vật được xác định bởi yếu tố nào sau đây? (a) Hướng của lực và hướng chuyển động (b) Độ lớn của lực (c) Thời gian tác dụng của lực (d) Tốc độ của vật
532,"Trong quá trình ước lượng chiếu sáng kép, ảnh đảo ngược (I_inv) được dùng để làm gì?",tra_cuu,"Trong quy trình ước lượng ánh sáng, ảnh đảo ngược (I_inv) có tác dụng gì?"
533,Mục tiêu chính của phương pháp dual illumination estimation được trình bày trong tài liệu Public_122 là gì?,tra_cuu,Mục đích chính của kỹ thuật ước lượng chiếu sáng kép là gì?
534,BERT4Rec sử dụng mục tiêu huấn luyện nào để dự đoán sản phẩm bị ẩn?,tra_cuu,Mô hình BERT4Rec áp dụng phương pháp nào để phục hồi các mục bị thiếu trong chuỗi đầu vào?
535,"Trong thí nghiệm giao thoa sóng mặt nước, tại những điểm cực đại giao thoa ta có đặc điểm gì?",tra_cuu,"Tại những điểm nào trong thí nghiệm giao thoa sóng mặt nước, vân sáng sẽ xuất hiện?"
537,Biến forward αt(i) trong thuật toán Forward biểu diễn điều gì?,tra_cuu,Biến αt(i) trong thuật toán Forward dùng để biểu diễn xác suất của chuỗi quan sát nào trong mô hình HMM?
539,"Trong ví dụ của tài liệu, Linear-Chain CRFs được minh họa cho hai bài toán nào?",tra_cuu,"Trong ví dụ được đề cập, Linear-Chain CRFs được áp dụng cho bài toán nào liên quan đến việc nhận diện tên riêng và địa danh?"
542,Thuật toán nào thường được dùng để tối ưu tham số trong huấn luyện mạng nơ-ron sâu?,tra_cuu,Thuật toán nào thường được áp dụng để cập nhật tham số trong quá trình huấn luyện mạng nơ-ron sâu?
543,Tia sáng truyền từ không khí vào nước bị gãy khúc. Hiện tượng này gọi là gì?,tra_cuu,"Khi tia sáng di chuyển từ không khí vào nước, hiện tượng nào xảy ra khiến ánh sáng bị lệch hướng?"
544,Hai giả định cơ bản của Hidden Markov Model là gì?,tra_cuu,Hai giả thuyết chính mà Hidden Markov Model dựa vào là gì?
546,Muốn một vật rắn ở trạng thái cân bằng cần điều kiện gì về lực và điều kiện gì về mômen lực?,tra_cuu,"Để một hệ chai rượu và giá đỡ ở trạng thái tĩnh, cần có điều kiện gì về tổng lực và tổng mômen lực?"
547,"Trong hiện tượng quang điện, (1) điều kiện để electron quang điện bật ra khỏi kim loại là gì, và (2) năng lượng dư thừa sau khi thắng công thoát biến thành dạng nào?",tra_cuu,"Trong hiện tượng quang điện, (1) điều kiện để electron được giải phóng khỏi liên kết hóa học là gì, và (2) năng lượng thừa sau khi chiến thắng công thoát sẽ chuyển hóa thành dạng nào?"
548,"Giả sử 2 lớp có m1−m2 = [2, −1]^T, và S_W = [[5, 1], [1, 2]]. Tính hướng phân biệt tuyến tính của Fisher (Fisher's linear discriminant direction) w, biết rằng w tỉ lệ với S_W^{-1}(m1−m2).",tinh_toan,"Tính hướng phân biệt tuyến tính w trong phương pháp Fisher, biết rằng w có thể được biểu diễn bằng cách nào liên quan đến S_W^{-1} và hiệu m1−m2?"
549,Định luật I Newton còn được gọi là:,tra_cuu,Khái niệm nào mô tả hiện tượng hành khách tiếp tục chuyển động thẳng khi lực ma sát không đủ mạnh?
551,Điều kiện cần và đủ để một vật rắn ở trạng thái cân bằng tĩnh là:,tra_cuu,Điều kiện nào cần thiết để một chai rượu đứng vững trên giá đỡ?
552,Adam và RMSProp khác nhau ở đặc điểm nào?,tra_cuu,Adam và RMSProp khác nhau ở điểm nào trong cách tính tỉ lệ học tập?
558,Những ứng dụng quan trọng của hiện tượng nhiễu xạ và phân cực ánh sáng là gì?,tra_cuu,Các thiết bị nào sử dụng hiện tượng nhiễu xạ ánh sáng để phân tích thành phần bước sóng của nguyên tử?
559,Tính chất quan trọng nhất của đại lượng vectơ khi so sánh với đại lượng vô hướng là:,tra_cuu,Tính chất nào dưới đây là điểm khác biệt giữa đại lượng vec-tơ và đại lượng vô hướng?
560,Thuật toán nào được dùng để suy luận (tìm chuỗi nhãn tối ưu) trong Linear-Chain CRFs?,tra_cuu,Thuật toán nào được áp dụng để tìm chuỗi nhãn tối ưu trong mô hình CRFs dạng chuỗi?
561,"Hai điện tích điểm cùng dấu đặt cách nhau 
0,2m thì đẩy nhau bằng lực 
9N. Nếu giữ nguyên các điện tích đó nhưng tăng khoảng cách giữa chúng lên gấp đôi, thì lực tác dụng giữa chúng còn bao nhiêu?",tinh_toan,"Khi hai điện tích trái dấu đặt cách nhau 0,1m thì lực hút giữa chúng là 4N. Nếu khoảng cách giữa chúng tăng lên gấp đôi, lực tác dụng giữa hai điện tích đó sẽ là bao nhiêu?"
563,Tư tưởng xuyên suốt của ba định luật Newton trong cơ học cổ điển là:,tra_cuu,"Khi không có lực tác động, một vật sẽ có trạng thái gì nếu được quan sát từ hệ qui chiếu quán tính?"
564,"Dựa vào nội dung tài liệu Public_131, hãy tính vận tốc sau va chạm của hai vật trong trường hợp một vật khối lượng 2 kg chuyển động với vận tốc 4 m/s va chạm trực diện, dính chặt vào một vật khối lượng 3 kg đang đứng yên.",tinh_toan,"Dựa vào nội dung tài liệu Public_131, hãy cho biết trong trường hợp nào động lượng của hệ được bảo toàn nhưng tổng động năng không được bảo toàn?"
565,Đơn vị chuẩn của độ dài trong hệ SI hiện nay được định nghĩa dựa trên:,tra_cuu,Đơn vị mét trong hệ SI hiện nay được định nghĩa dựa trên điều gì?
566,"Dựa trên tài liệu Public_117, phát biểu nào đúng về hàm mật độ xác suất (pdf) của biến ngẫu nhiên liên tục x?",tra_cuu,Hàm mật độ xác suất p(x) của một biến ngẫu nhiên liên tục có thể nhận giá trị nào?
567,"Dựa vào Document Index: Public_129, hãy trình bày công thức hoặc phương pháp tính gia tốc của một vật khi biết khối lượng, lực kéo ngang và hệ số ma sát trượt.",tinh_toan,"Dựa vào Document Index: Public_129, hãy trình bày công thức tính toán gia tốc của một vật khi biết trọng lượng, lực kéo ngang và hệ số ma sát trượt."
569,Tóm tắt nội dung chính của phần Linear-Chain CRFs trong tài liệu Public_102?,tra_cuu,Linear-Chain CRFs được định nghĩa trong trường hợp nào và có cấu trúc đồ thị ra sao?
570,"Nếu một HMM có 3 trạng thái ẩn (N=3) và chuỗi quan sát dài 4 bước (T=4), độ phức tạp của thuật toán Forward là bao nhiêu?",tinh_toan,Độ phức tạp tính toán của thuật toán Forward trong mô hình HMM với số trạng thái ẩn là 3 và chuỗi quan sát dài 4 bước là bao nhiêu?
572,Nội dung chính của thuật toán đàn kiến (ACO) là gì?,tra_cuu,Nội dung chủ yếu của thuật toán ACO được lấy cảm hứng từ điều gì trong tự nhiên?
573,Điện thế tại một điểm trong điện trường đặc trưng cho điều gì?,tra_cuu,Điện thế tại một điểm trong điện trường phản ánh điều gì liên quan đến công của lực điện trường?
574,Công thức marginal p(x)p(x)p(x) và conditional p(x∣y)p(x\mid y)p(x∣y) lần lượt là gì?,tra_cuu,"Xác suất có điều kiện p(x | y = y*) được tính như thế nào dựa trên xác suất chung p(x, y)?"
576,"Nếu một ảnh có nhiều khác biệt mức xám xuất hiện lặp lại, sau khi áp dụng LDR ảnh đầu ra sẽ có đặc điểm gì?",tra_cuu,"Nếu áp dụng hàm biến đổi x lên ảnh đầu vào, điều gì sẽ xảy ra với độ tương phản của ảnh?"
578,Nội dung chính của phương pháp LDR trong tăng cường tương phản là gì?,tra_cuu,Nội dung cốt lõi của phương pháp LDR trong tăng cường tương phản là gì?
580,Thuật toán nào thường được sử dụng để giải quyết bài toán Đánh giá và Học trong HMM?,tra_cuu,Thuật toán nào được sử dụng để tính xác suất của chuỗi quan sát trong mô hình HMM?
581,Tóm tắt nội dung chính của phần huấn luyện và suy luận Linear-Chain CRFs?,tra_cuu,Mô tả cách thức hoạt động của thuật toán Viterbi trong suy luận Linear-Chain CRFs?
582,Giả sử tại t=0 có 30 kiến ở B và 30 kiến ở D (theo ví dụ hình 2). Trung bình có bao nhiêu kiến từ nút B và từ nút D đi qua C khi chúng lựa chọn đường đi ngẫu nhiên?,tinh_toan,"Tại thời điểm t=1, số lượng kiến mong muốn đi đến C từ B và D là bao nhiêu con tổng cộng?"
583,Giá trị của đo độ Hamming Loss trong trường hợp lí tưởng bằng bao nhiêu?,tra_cuu,Giá trị lý tưởng của Hamming Loss là bao nhiêu?
584,Thuật toán nào có tỉ lệ nhận dạng đúng cao nhất trên tập MNIST?,tra_cuu,Thuật toán nào đạt tỉ lệ nhận diện chính xác cao nhất trên tập dữ liệu MNIST?
585,"Phân loại Naive Bayes đòi hỏi tính các xác suất điều kiện thành phần P(xi | cj) = nc / n. Trong một số trường hợp thực tế, nc có thể rất nhỏ, thậm chí = 0. Khi đó kĩ thuật nào sẽ được sử dụng?",tra_cuu,"Khi giá trị *n<sup>c</sup>* bằng không trong phân loại Naive Bayes, kỹ thuật nào được áp dụng để khắc phục vấn đề tính xác suất điều kiện?"
586,Mạng Bayes giải quyết vấn đề căn bản nào của các bài toán tìm kiếm liên quan đến sự không chắc chắn hoặc suy luận xác suất?,tra_cuu,Mạng Bayes giúp giải quyết vấn đề gì trong việc tính toán xác suất điều kiện khi có nhiều biến ngẫu nhiên?
590,Thành phần nào trong học tăng cường đóng vai trò quyết định hành động để tối đa hóa phần thưởng?,tra_cuu,Thành phần nào trong học tăng cường giúp tác nhân quyết định hành động với mục tiêu tối đa hóa giá trị phần thưởng?
591,"Trong chuyển động tròn đều, lực nào giữ cho vật chuyển động theo quỹ đạo tròn và gia tốc nào luôn xuất hiện?",tra_cuu,"Trong chuyển động tròn không đều, ngoài lực nào giữ vật chuyển động theo quỹ đạo, gia tốc nào cũng sẽ xuất hiện?"
593,SASRec và BERT4Rec khác nhau chủ yếu ở những điểm nào?,tra_cuu,BERT4Rec cải tiến gì so với SASRec trong việc học biểu diễn ngữ cảnh?
595,Trọng lực tác dụng lên một vật là gì?,tra_cuu,Trọng lực của Trái Đất tác động lên một vật có khối lượng m được tính bằng công thức nào?
596,Đâu không phải là một ứng dụng thực tế của phân loại Naive Bayes?,tra_cuu,Ứng dụng nào sau đây không được nêu trong phân loại Bayes đơn giản?
597,Hiện tượng nào là cơ sở của công nghệ sợi quang?,tra_cuu,Hiện tượng nào đóng vai trò quan trọng trong hoạt động của công nghệ sợi quang?
598,Thành phần nào đảm bảo làm nổi bật các khác biệt mức xám xuất hiện thường xuyên trong thuật toán LDR?,tra_cuu,Yếu tố nào giúp làm nổi bật các sự khác biệt về mức xám trong ảnh đầu ra theo thuật toán tối ưu hóa lớp?
599,"Trong hiện tượng giao thoa sóng, (1) điều kiện về tần số của các nguồn dao động phải thế nào, và (2) đặc điểm của các điểm cực tiểu giao thoa ra sao?",tra_cuu,"Trong hiện tượng giao thoa sóng, (1) tần số của các nguồn phát phải có đặc điểm gì, và (2) điều kiện để xác định các điểm tối trong giao thoa là gì?"
600,Nội dung chính của phần 1 tài liệu Public_107 về Gradient Descent là gì?,tra_cuu,Nội dung chính của phần 1 tài liệu Public_107 về thuật toán Gradient Descent là gì?
601,"Trong lý thuyết điện trường, (1) định luật Coulomb mô tả điều gì, và (2) khái niệm điện trường được dùng để giải thích hiện tượng nào?",tra_cuu,"Trong nghiên cứu về lực tĩnh điện, (1) định luật Coulomb quy định điều gì, và (2) khái niệm điện trường được sử dụng để giải thích hiện tượng nào?"
602,"Trong cân bằng tịnh tiến, điều kiện nào phải thỏa mãn?",tra_cuu,"Trong trạng thái cân bằng tĩnh của vật rắn, hai điều kiện nào cần được đáp ứng?"
603,Phương pháp đánh giá các mô hình phân lớp đa nhãn (MLL) được nhắc tới trong tài liệu là gì?,tra_cuu,Phương pháp nào được sử dụng để đánh giá mô hình phân lớp đa nhãn trong nghiên cứu?
604,Histogram Equalization (HE) và Contextual Visual Contrast (CVC) có hạn chế gì?,tra_cuu,Các phương pháp Histogram Equalization (HE) và Contextual Visual Contrast (CVC) gặp khó khăn gì trong việc cải thiện chất lượng hình ảnh?
605,"Thuật toán nào được sử dụng cho: (1) Tính xác suất chuỗi quan sát, (2) Tìm chuỗi trạng thái tối ưu?",tra_cuu,Thuật toán nào được áp dụng để tìm chuỗi trạng thái ẩn tối ưu trong một mô hình HMM?
608,Hệ thống Ant Colony System (ACS) và Max-Min Ant System (MMAS) có điểm gì nổi bật?,tra_cuu,Điểm nổi bật nào của thuật toán Max–Min Ant System (MMAS) so với các hệ thống khác trong việc cập nhật thông tin mùi?
609,Tọa độ góc trong chuyển động quay của vật rắn có vai trò tương tự như đại lượng nào trong chuyển động tịnh tiến?,tra_cuu,Độ dời góc trong chuyển động quay của vật rắn tương tự với đại lượng nào trong chuyển động thẳng?
610,Kiến trúc SASRec dựa trên mô hình nào?,tra_cuu,Mô hình nào được sử dụng làm nền tảng cho kiến trúc của SASRec?
611,"Với hàm f(x)=x2+5sin⁡(x)f(x) = x^2 + 5\sin(x)f(x)=x2+5sin(x), đạo hàm là f′(x)=2x+5cos⁡(x)f'(x) = 2x + 5\cos(x)f′(x)=2x+5cos(x). Nếu khởi tạo x0=−5x_0 = -5x0​=−5, learning rate η=0.1\eta = 0.1η=0.1, thuật toán hội tụ sau khoảng bao nhiêu vòng lặp theo tài liệu?",tinh_toan,"Khi khởi tạo x0=−5 và sử dụng learning rate η=0.01, thuật toán hội tụ đến gần nghiệm nhưng không đạt được đích sau bao nhiêu vòng lặp tối đa?"
612,Điểm then chốt để phân biệt va chạm đàn hồi và va chạm mềm là:,tra_cuu,Đặc điểm nổi bật để phân biệt giữa va chạm đàn hồi và va chạm không đàn hồi là gì?
613,Nội dung chính phần 2 của tài liệu HMM (Public_105) là gì?,tra_cuu,Các thành phần chính của mô hình HMM bao gồm những gì?
615,"Một học sinh ngồi trên ghế xoay cầm hai quả tạ 3 kg, ban đầu dang tay ra cách trục 1,0 m và quay với tốc độ góc 0,75 rad/s. Khi co tay lại còn cách 0,3 m, hãy cho biết tốc độ góc mới so với ban đầu:",tinh_toan,"Khi một học sinh đang ngồi trên ghế xoay tự do cầm hai quả tạ 3 kg, nếu khoảng cách từ trục quay đến tạ thay đổi từ 1,0 m xuống 0,3 m, hãy cho biết tốc độ góc mới của học sinh so với tốc độ góc ban đầu là bao nhiêu?"
616,"Theo tài liệu Public_113, ý tưởng cốt lõi của RNN là gì?",tra_cuu,"Theo tài liệu Public_113, RNN có đặc điểm gì nổi bật cho phép xử lý thông tin?"
618,"Theo tài liệu Public_144, nguyên tắc quan trọng cần nhớ khi nghiên cứu về điện trường là gì?",tra_cuu,"Theo tài liệu Public_144, điện trường được định nghĩa như thế nào trong mối liên hệ với điện tích?"
619,Nhiễu xạ ánh sáng là gì?,tra_cuu,Hiện tượng nào xảy ra khi ánh sáng đi qua một khe hẹp hoặc xung quanh vật cản?
620,Định luật vạn vật hấp dẫn do Newton phát biểu năm nào?,tra_cuu,Định luật vạn vật hấp dẫn của Newton được công bố vào năm nào?
621,Hiệu điện thế giữa hai điểm trong điện trường là gì?,tra_cuu,Cách tính hiệu điện thế giữa hai điểm A và B trong điện trường được biểu diễn bằng công thức nào?
624,"Trong PCA, công thức của ma trận hiệp phương sai SSS và toạ độ sau khi chiếu Z (trên K thành phần chính) lần lượt là gì?",tra_cuu,"Trong quá trình PCA, ma trận hiệp phương sai S được tính sau bước nào và công thức cho toạ độ mới Z là gì?"
625,Đơn vị chuẩn của thời gian (giây) hiện nay được định nghĩa dựa trên:,tra_cuu,Đơn vị giây được xác định dựa trên đặc tính dao động của nguyên tử nào sau đây?
629,Định luật vạn vật hấp dẫn của Newton giải thích những hiện tượng nào?,tra_cuu,Định luật vạn vật hấp dẫn của Newton đã giúp giải thích những quy luật nào liên quan đến chuyển động của các thiên thể trong vũ trụ?
630,Động lượng của một vật phụ thuộc trực tiếp vào:,tra_cuu,Động năng của một hệ trong va chạm có thể được bảo toàn hay không phụ thuộc vào loại va chạm nào?
633,“Learning rate” (ký hiệu η\etaη) trong Gradient Descent có vai trò gì?,tra_cuu,Vai trò của tốc độ học (η) trong thuật toán Stochastic Gradient Descent là gì?
634,“Mômen động lượng của một vật rắn quay quanh trục z được xác định bởi đại lượng nào và điều kiện nào khiến nó được bảo toàn?”,tra_cuu,"""Mômen động lượng của một hệ được bảo toàn khi nào và điều kiện gì cần có để hệ được coi là cô lập?"""
638,GRU4Rec và BERT4Rec khác nhau chủ yếu ở điểm nào?,tra_cuu,BERT4Rec khác với các mô hình gợi ý tuần tự truyền thống ở điểm nào?
639,"Với một HMM có N trạng thái và chuỗi quan sát độ dài T, độ phức tạp của thuật toán Viterbi là bao nhiêu?",tra_cuu,Độ phức tạp của thuật toán Viterbi cho một mô hình HMM với N trạng thái và chuỗi quan sát dài T là gì?
640,"Trong tài liệu Public_146, bản chất ánh sáng được khẳng định như thế nào?",tra_cuu,"Trong tài liệu Public_146, lý thuyết nào được xem là cơ sở cho sự thừa nhận chung về bản chất sóng của ánh sáng?"
641,LDR là viết tắt của gì trong xử lý ảnh?,tra_cuu,LDR là tên viết tắt của khái niệm nào trong kỹ thuật cải thiện độ tương phản hình ảnh?
642,"Một vật rắn ở trạng thái cân bằng tĩnh phải thỏa mãn điều kiện nào, và trong cân bằng quay thì gia tốc góc của vật có giá trị bao nhiêu?",tinh_toan,Một vật rắn ở trạng thái cân bằng tĩnh cần phải thỏa mãn điều kiện nào và gia tốc góc của nó có giá trị ra sao?
644,Các yếu tố nào được sử dụng để tính bản đồ trọng số (weight map) trong bước multi-exposure fusion?,tra_cuu,Các yếu tố nào được sử dụng để tính toán bản đồ trọng số trong quy trình hòa trộn hình ảnh đa phơi sáng?
645,Nguyên lý bảo toàn mômen động lượng phát biểu những gì?,tra_cuu,Nguyên lý nào khẳng định rằng mômen động lượng của một hệ cô lập là không đổi?
646,"Theo tài liệu Public_131, định luật bảo toàn động lượng khẳng định điều gì trong hệ cô lập?",tra_cuu,"Trong một hệ cô lập, điều gì về động lượng toàn phần của hệ sẽ giữ nguyên theo thời gian?"
647,"Theo tài liệu Public_140, sóng cơ học là gì?",tra_cuu,Sóng cơ (mechanical waves) cần yếu tố nào để tồn tại?
648,Thuật toán Q-Learning là thuộc loại nào trong học tăng cường?,tra_cuu,Q-Learning thuộc loại thuật toán nào trong lĩnh vực học tăng cường?
649,"Cho 5 đối tượng được xếp hạng tương ứng là A, C, E, D, B; một xếp hạng của đối tượng cần đánh giá là A, E, B, D, C. Tính chỉ số MAP (Mean Average Precision) theo công thức được cho trong tài liệu Public_121.",tinh_toan,"Tính chỉ số AP (Average Precision) cho xếp hạng đối tượng là **c, a, e**, d, b dựa trên các tỷ lệ P@1, P@2, P@3, P@4, P@5 đã cho trong đoạn văn."
650,Các ứng dụng thực tế của hiện tượng giao thoa sóng trong nghiên cứu khoa học và kỹ thuật được trình bày trong tài liệu Public_141 là gì?,tra_cuu,Các ứng dụng cụ thể của hiện tượng giao thoa sóng trong khoa học và công nghệ được nêu trong tài liệu Public_141 là gì?
651,Bộ dữ liệu CIFAR-10 gồm bao nhiêu hình ảnh dùng cho huấn luyện?,tra_cuu,Bộ dữ liệu CIFAR-10 có tổng cộng bao nhiêu hình ảnh?
652,"Một vật chuyển động tròn đều bán kính 2 m, tốc độ góc 10 rad/s. Hãy tính vận tốc dài của vật.",tinh_toan,Một vật rắn quay có tốc độ góc 10 rad/s và bán kính 2 m. Hãy xác định vận tốc tuyến tính của vật này.
653,Công thức tính kích thước đầu ra (W2) trong phép tích chập phụ thuộc vào những yếu tố nào?,tra_cuu,Các yếu tố nào ảnh hưởng đến việc tính toán kích thước đầu ra (W2) trong quá trình thực hiện tích chập?
654,Ứng dụng của hiệu điện thế trong việc truyền tải và phân phối điện năng là gì?,tra_cuu,Vai trò của dây dẫn siêu dẫn trong việc truyền tải điện là gì?
655,Linear-Chain CRFs thường được áp dụng trong bài toán nào?,tra_cuu,Linear-Chain CRFs thường được sử dụng để giải quyết bài toán nào trong xử lý ngôn ngữ tự nhiên?
656,"Trong thiết kế tập trung, node nào chịu trách nhiệm tổng hợp gradient và cập nhật tham số mô hình?",tra_cuu,Node nào đảm nhận việc tổng hợp thông tin từ các worker và điều chỉnh tham số mô hình trong thiết kế tập trung?
657,"Sử dụng thông tin từ tài liệu Public_126, hãy cho biết quãng đường ánh sáng đi được trong chân không trong 1 microsecond (1 µs = 10⁻⁶ s).",tinh_toan,Hãy cho biết định nghĩa của mét theo cách quang học được thiết lập vào năm 1983?
658,Đơn vị của áp suất trong hệ SI là gì?,tra_cuu,Đơn vị đo áp suất trong hệ SI được gọi là gì?
659,Ai là người đầu tiên đưa ra bằng chứng thực nghiệm rõ ràng về bản chất sóng của ánh sáng?,tra_cuu,Ai là người đầu tiên cung cấp bằng chứng thực nghiệm rõ ràng cho mô hình sóng của ánh sáng?
660,"Trong hệ tọa độ cực, điểm được mô tả bằng những yếu tố nào và hệ tọa độ Descartes mô tả điểm bằng những yếu tố nào?",tra_cuu,"Trong hệ tọa độ cực, các yếu tố nào được sử dụng để xác định vị trí của một điểm?"
661,Đặc điểm đặc biệt của thuộc tính được chọn C(max) trong Naive Bayes theo Public_112 là gì?,tra_cuu,Đặc điểm nổi bật của phương pháp phân loại Bayes đơn giản là gì?
662,"Trong mẫu Bohr, electron chuyển động quanh hạt nhân theo các quỹ đạo như thế nào?",tra_cuu,"Trong mô hình nguyên tử, electron di chuyển quanh hạt nhân theo hình thức nào?"
663,"Trong dao động điều hòa, (1) điều kiện nào để gọi là dao động điều hòa, và (2) đặc điểm của lực hồi phục là gì?",tra_cuu,"Trong dao động điều hòa, (1) nguyên tắc nào đảm bảo sự hồi phục của lực và (2) đặc điểm nào của lực đó trong mối quan hệ với độ dời?"
664,Tóm tắt nội dung chính của văn bản,tra_cuu,Những tổ chức nào đã có những nghiên cứu liên quan đến xử lý ngôn ngữ tiếng Việt?
666,Cơ sở của động lực học quay quanh trục cố định được xây dựng trên mối quan hệ nào?,tra_cuu,Cơ sở nào cho nguyên lý bảo toàn mômen động lượng trong hệ cô lập?
667,"Trong dao động điều hòa đơn giản của hệ con lắc lò xo (khối lượng m, độ cứng lò xo k), tần số góc ω phụ thuộc vào đại lượng nào?",tra_cuu,"Trong dao động điều hòa của một hệ thống lò xo, mối quan hệ giữa tần số góc ω và các yếu tố nào được thể hiện qua công thức nào?"
668,Thuật toán BFS có độ phức tạp và yêu cầu bộ nhớ như thế nào?,tra_cuu,Yêu cầu bộ nhớ của thuật toán tìm kiếm theo chiều rộng là bao nhiêu?
670,"Trong thiết kế phân tán, cơ chế Allgather dùng để làm gì và ưu điểm chính của thiết kế này là gì?",tra_cuu,"Trong mô hình phân tán, cơ chế Allgather hỗ trợ quá trình nào và điểm mạnh chính của mô hình này là gì?"
671,"Trong trạng thái tĩnh, chất lưu tác dụng lực theo hướng nào lên bề mặt vật?",tra_cuu,"Trong điều kiện chuẩn, áp suất tại điểm A và B trong ống thủy ngân là gì?"
672,"Trong chuyển động quay, đại lượng nào đặc trưng cho mức “lười” quay của vật và định lý nào được dùng để tính mômen quán tính khi trục quay không đi qua trọng tâm?",tra_cuu,"Trong chuyển động quay, định lý nào có thể được sử dụng để tính toán mômen quán tính đối với một trục quay bất kỳ?"
673,"Nếu một chuỗi có độ dài quá lớn gây ra vấn đề gradient vanish/explode, mô hình nào trong tài liệu Public_109 được thiết kế để giải quyết vấn đề này?",tra_cuu,Mô hình nào trong tài liệu Public_109 được phát triển để khắc phục hiện tượng gradient biến mất hoặc bùng nổ khi chuỗi có độ dài lớn?
675,"Một vật khối lượng  m=0,5 kg được treo vào lò xo có độ cứng 
k=200 N/m. Tính chu kỳ T của dao động điều hòa (lấy π≈3,1416).",tinh_toan,"Một vật có khối lượng m=0,5 kg treo vào lò xo với độ cứng k=200 N/m. Xác định chu kỳ T của dao động điều hòa (lấy π≈3,1416)."
676,Tính chất đầy đủ của thuật toán BFS được hiểu như thế nào?,tra_cuu,"Đặc điểm nào của thuật toán tìm kiếm theo chiều rộng đảm bảo rằng nếu bài toán có lời giải, nó sẽ tìm ra lời giải đó?"
677,Gradient Descent (GD) cập nhật tham số theo quy tắc nào đối với hàm một biến?,tra_cuu,Gradient Descent (GD) cập nhật tham số theo công thức nào trong trường hợp hàm một biến?
678,"Một mũi khoan nhỏ mất thời gian Δt để dừng hẳn do mômen ma sát. Nếu thay bằng mũi khoan lớn có mômen quán tính gấp đôi, cùng tốc độ góc ban đầu và cùng mômen ma sát, thì thời gian để dừng lại sẽ là:",tinh_toan,"Khi một vật rắn quay quanh trục cố định, công do ngoại lực tác động lên vật sẽ liên quan đến điều gì trong đoạn văn trên? (a) Động năng tịnh tiến (b) Động năng quay (c) Độ biến thiên động năng (d) Tất cả các yếu tố trên (e) Không liên quan gì."
679,"Trong thí nghiệm giao thoa sóng mặt nước với hai nguồn kết hợp cùng pha cách nhau 
10cm, bước sóng của sóng là 2cm. Một điểm M nằm trên đường trung trực của hai nguồn. Tại M sẽ xảy ra hiện tượng gì?",tra_cuu,"Tại điểm nào trong giao thoa sóng mặt nước, các sóng sẽ gặp nhau cùng pha và tạo ra vân sáng?"
680,"Nếu có 4 worker trong thiết kế phân tán, mỗi worker tính được gradient ∇L(θ)i\nabla L(\theta)_i. Khi dùng cơ chế trung bình, gradient tổng hợp sẽ được tính như thế nào?",tinh_toan,"Khi các node trong thiết kế phân tán chia sẻ gradient với nhau, Gradient tổng hợp sẽ được tính toán như thế nào?"
681,"Theo tài liệu Public_147, một kim loại có công thoát là 2 eV. Nếu chiếu ánh sáng có năng lượng photon đúng bằng 2 eV, thì electron có bật ra không và động năng cực đại bằng bao nhiêu?",tinh_toan,"Theo đoạn văn, nếu ánh sáng chiếu vào photodiode có năng lượng photon thấp thì kết quả là gì?"
682,"Nếu robot ở trạng thái st nhận phần thưởng tức thời rt = 5, hằng số chiết khấu γ = 0.9, và giá trị Q kỳ vọng của trạng thái kế tiếp là 10, thì giá trị cập nhật Q mới theo Q-Learning sẽ là bao nhiêu (giả sử Q cũ = 0)?",tinh_toan,"Nếu robot tại trạng thái st nhận phần thưởng tức thời rt = 5, hằng số chiết khấu γ = 0.9, và giá trị Q kỳ vọng của trạng thái tiếp theo là 10, thì phương trình cập nhật giá trị Q mới sẽ được tính như thế nào?"
683,Nội dung chính về BFS trong tài liệu Public_106 là gì?,tra_cuu,Nội dung chính về thuật toán tìm kiếm theo chiều rộng trong tài liệu Public_106 là gì?
684,Mục tiêu cốt lõi của PCA là gì?,tra_cuu,Mục đích chính của PCA là gì?
685,Tầng POOL trong CNN có mục đích chính là gì?,tra_cuu,Mục đích chính của tầng tổng hợp trong CNN là gì?
687,Sự khác biệt giữa Feature Map và Activation Map là gì?,tra_cuu,Sự khác biệt giữa Bản đồ đặc trưng và Bản đồ kích hoạt là gì?
688,"Một điểm có tọa độ Descartes (−3,5;−2,5)(-3,5 ; -2,5)(−3,5;−2,5) m. Hãy xác định tọa độ cực (r, θ) của điểm này.",tinh_toan,"Một điểm có tọa độ Descartes là (−3,5;−2,5) m. Tính giá trị của r và θ trong tọa độ cực của điểm này."
691,"Dựa vào tài liệu Public_139, hãy trình bày khái niệm, phương trình dao động và đặc điểm năng lượng của dao động điều hòa.",tra_cuu,Hãy mô tả đặc điểm của dao động điều hòa và viết phương trình lực tác dụng lên vật trong hệ dao động có lò xo.
692,"Trong điện học, (1) đại lượng nào đặc trưng cho khả năng sinh công của điện trường tại một điểm, và (2) hiệu điện thế có ý nghĩa gì đối với chuyển động của điện tích?",tra_cuu,"Trong điện học, (1) đại lượng nào biểu thị khả năng làm công của lực điện tại một điểm, và (2) sự thay đổi điện thế có ý nghĩa gì đối với sự di chuyển của điện tích?"
693,Không gian màu HVI được thiết kế nhằm mục đích chính nào?,tra_cuu,Không gian màu HVI được thiết kế để làm gì liên quan đến độ sáng và màu sắc?
695,Phát biểu nào đúng về số chiều tối đa sau khi áp dụng multi-class LDA với C lớp?,tra_cuu,Số chiều tối đa có thể đạt được sau khi sử dụng LDA cho bài toán phân loại nhiều lớp với C lớp là bao nhiêu?
697,Hệ thức nào về hàm mật độ/phân phối đồng thời là đúng khi hai biến ngẫu nhiên xxx và yyy độc lập?,tra_cuu,Hệ thức nào mô tả mối quan hệ giữa hàm mật độ/phân phối của hai biến ngẫu nhiên x và y khi chúng độc lập?
698,Một vật có khối lượng 2 kg chuyển động với vận tốc 5 m/s. Động năng của vật bằng:,tinh_toan,*Câu hỏi 9.2:* Động năng là đại lượng gì so với động lượng? (**a**) vô hướng (**b**) vecto (**c**) đồng nhất (**d**) không đủ thông tin để phát biểu.
699,"Với mức độ rẽ nhánh là b và độ sâu lời giải d, độ phức tạp bộ nhớ của thuật toán BFS là gì?",tra_cuu,Độ phức tạp bộ nhớ của thuật toán tìm kiếm theo chiều rộng là bao nhiêu khi xét đến mức độ rẽ nhánh b và độ sâu d?
700,"Trong thuật toán ACO, ký hiệu nào biểu diễn thông tin kinh nghiệm (heuristic information)?",tra_cuu,"Trong thuật toán ACO, ký hiệu nào đại diện cho thông tin kinh nghiệm ưu tiên di chuyển?"
701,Ai là người đầu tiên giới thiệu hệ thống Ant System (AS) trong luận văn năm 1992?,tra_cuu,Ai là tác giả chính đã giới thiệu thuật toán Ant System lần đầu tiên vào năm 1992?
702,Q-Learning và SARSA khác nhau chủ yếu ở điểm nào?,tra_cuu,SARSA và Q-Learning khác nhau chủ yếu ở khía cạnh nào liên quan đến chính sách học?
703,"Trong thuật toán BFS, mỗi trạng thái sinh ra b trạng thái kề. Từ nút gốc sẽ sinh ra b nút với độ sâu 1, các nút này lại sinh ra b2 nút với độ sâu 2,... Giả sử nút đích của bài toán nằm ở độ sâu d. Tổng số nút cần mở rộng để tìm ra nút đích là bao nhiêu?",tinh_toan,"Trong thuật toán tìm kiếm theo chiều rộng, nếu nút đích nằm ở độ sâu d, tổng số nút cần mở rộng để tìm ra nút đích là bao nhiêu, tính cả nút gốc?"
704,CRFs mô hình hóa loại xác suất nào?,tra_cuu,CRFs tập trung vào việc mô hình hóa xác suất nào giữa các biến ngẫu nhiên?
705,Hiện tượng quang phổ được ứng dụng chủ yếu để làm gì trong khoa học và kỹ thuật?,tra_cuu,Quang phổ hồng ngoại biến đổi Fourier được sử dụng chủ yếu để làm gì?
706,"Trong multi-class LDA, các ma trận within-class và between-class là gì?",tra_cuu,"Trong LDA đa lớp, công thức tổng quát của ma trận giữa lớp và ngoài lớp là gì?"
707,Chuẩn-2 (spectral norm) của ma trận A được định nghĩa tương đương với đại lượng nào?,tra_cuu,Singular value lớn nhất của ma trận A tương ứng với đại lượng nào?
708,Cổng nào trong GRU quyết định mức độ ảnh hưởng của trạng thái trước đó lên trạng thái mới?,tra_cuu,Cổng nào trong GRU kiểm soát mức độ ảnh hưởng của trạng thái trước đó khi tạo ra trạng thái mới?
709,Các ứng dụng thực tiễn quan trọng của định luật Pascal trong đời sống và kỹ thuật là gì?,tra_cuu,Các ứng dụng thực tiễn nổi bật của định luật Pascal bao gồm những gì?
711,Đơn vị của gia tốc hướng tâm trong hệ SI là:,tra_cuu,Đơn vị của gia tốc trong hệ SI là gì?
712,Điện tích dương và điện tích âm có tính chất gì khi tương tác với nhau?,tra_cuu,Điện tích trong một hệ cô lập sẽ có tính chất gì khi có sự chuyển giao giữa các vật thể?
713,"Một vật nặng 10 kg đặt trên mặt đất chịu tác dụng của trọng lực khoảng bao nhiêu? (Lấy g≈9,8m/s2)",tinh_toan,"Một vật có khối lượng 10 kg sẽ chịu tác dụng của lực hấp dẫn khoảng bao nhiêu khi đặt gần mặt đất (lấy g ≈ 9,8 m/s²)?"
714,"Nếu ảnh gốc có 3 kênh RGB với giá trị tại 1 điểm ảnh lần lượt là (120, 90, 60), thì giá trị Intensity Map theo định nghĩa trong HVI là bao nhiêu?",tinh_toan,"Nếu một điểm ảnh có giá trị RGB lần lượt là (150, 100, 50), thì giá trị lớn nhất được sử dụng để tính toán Bản đồ độ sáng là bao nhiêu?"
715,"Trong Linear Regression, hàm mất mát và đạo hàm theo công thức trong tài liệu Public_107 lần lượt là gì?",tra_cuu,Hàm mất mát trong mô hình hồi quy tuyến tính được sử dụng để đánh giá điều gì và hai loại hàm thường gặp là gì?
717,Mục tiêu của quá trình huấn luyện Linear-Chain CRFs là gì?,tra_cuu,Mục đích của việc tối ưu hóa các trọng số trong quá trình huấn luyện Linear-Chain CRFs là gì?
720,Thành phần nào mô tả xác suất chuyển giữa các trạng thái ẩn trong HMM?,tra_cuu,Thành phần nào thể hiện xác suất chuyển đổi giữa các trạng thái ẩn trong mô hình HMM?
721,"Theo định luật Kepler, tất cả các hành tinh chuyển động trên quỹ đạo nào, và vận tốc bán kính nối từ Mặt Trời đến hành tinh quét diện tích trong thời gian bằng nhau có ý nghĩa gì?",tra_cuu,"Theo định luật đầu tiên của Kepler, hình dạng của quỹ đạo mà một hành tinh chuyển động quanh Mặt Trời là gì?"
723,Hiện tượng nào giải thích được cả màu sắc cầu vồng và màu đỏ cam lúc hoàng hôn?,tra_cuu,Hiện tượng nào đã tạo ra màu xanh của bầu trời vào ban ngày?
724,"Yếu tố ""đầu ra = 1 nếu dự đoán đúng và = 0 nếu ngược lại"" nằm trong các đo độ nào được nhắc đến trong tài liệu?",tra_cuu,"Yếu tố ""đầu ra = 1 nếu đúng và = 0 nếu sai"" được đề cập trong các độ đo nào trong tài liệu?"
725,"Một sóng cơ truyền dọc theo sợi dây có vận tốc 
v=20m/s. Biết tần số của sóng là 
f=5Hz. Bước sóng của sóng này bằng bao nhiêu?",tinh_toan,Vận tốc của sóng truyền dọc theo dây là bao nhiêu nếu biết rằng lực căng dây và khối lượng trên một đơn vị chiều dài của dây là hằng số?
726,Hiện tượng con quay hồi chuyển không bị đổ khi quay nhanh là do:,tra_cuu,Tại sao con quay không bị lật khi đang quay với tốc độ cao?
727,Tiêu chuẩn Rayleigh dùng để làm gì?,tra_cuu,Tiêu chuẩn Rayleigh giúp xác định điều gì trong việc phân giải ảnh của các nguồn sáng?
728,"Nếu ảnh đầu vào có kích thước 32×32, bộ lọc 5×5, stride = 1, padding = 0, thì kích thước đầu ra là bao nhiêu?",tinh_toan,"Nếu ma trận đầu vào có chiều rộng 32, kích thước bộ lọc là 5, bước nhảy bằng 1 và không có viền, kích thước ma trận đầu ra sẽ là bao nhiêu?"
729,Chìa khóa giúp LSTM truyền tải thông tin xuyên suốt nhiều bước thời gian là gì?,tra_cuu,Yếu tố nào trong LSTM cho phép lưu trữ và truyền tải thông tin cần thiết xuyên suốt qua các giai đoạn?
730,"Trong vật lý, những đại lượng nào là vô hướng?",tra_cuu,Những đặc điểm nào của đại lượng vô hướng?
731,Các thành phần nào thuộc cơ chế Lighten Cross-Attention (LCA)?,tra_cuu,Các thành phần chính của khối Lighten Cross-Attention (LCA) là gì?
732,"Đối với sóng cơ học, (1) cần có điều kiện gì để sóng truyền được, và (2) khi sóng truyền thì năng lượng có đặc điểm gì?",tra_cuu,"Đối với sóng cơ học, (1) môi trường nào là cần thiết để sóng có thể lan truyền, và (2) khi sóng di chuyển thì nó mang theo đặc điểm gì về năng lượng?"
733,Nội dung chính của tài liệu Hidden Markov Model là gì?,tra_cuu,Nội dung chính của mô hình Hidden Markov Model là gì?
734,"Trong sóng ngang, các phần tử của môi trường dao động theo hướng nào?",tra_cuu,"Trong sóng ngang, các phần tử của môi trường chuyển động theo phương nào?"
736,Phương pháp chuyển đổi nhị phân (BR) được hiểu như thế nào?,tra_cuu,Phương pháp chuyển đổi nhị phân (BR) xây dựng bao nhiêu bộ phân lớp cho mỗi nhãn trong tập L?
738,"Trong công thức tính xác suất đồng thời P(X1, X2... Xn) của mạng Bayes có một tham số khác, đó là gì?",tra_cuu,"Trong công thức xác suất đồng thời P(X1, X2... Xn) của mạng Bayes, yếu tố nào được sử dụng để tính toán xác suất của mỗi biến?"
739,Phương pháp chuyển đổi nhị phân được sử dụng trong các thuật toán MLL nào (được nhắc đến trong tài liệu)?,tra_cuu,Phương pháp nào được đề cập trong tài liệu là phương pháp chuyển đổi nhị phân để xây dựng các bộ phân lớp riêng biệt cho từng nhãn?
740,"Với ma trận trực giao U (UTU=IU^TU=IUTU=I), biểu diễn toạ độ mới yyy của một vector xxx trong hệ cơ sở U là gì?",tra_cuu,"Với ma trận trực giao U, công thức nào biểu diễn toạ độ mới y của vector x trong hệ cơ sở U?"
741,"Theo tài liệu Public_195, Trí tuệ nhân tạo (AI) trong giáo dục bắt đầu được biết đến mạnh mẽ từ năm nào?",tra_cuu,Trí tuệ nhân tạo trong lĩnh vực giáo dục bắt đầu được biết đến rõ ràng từ thời điểm nào?
742,"Theo tài liệu, trong mô hình phòng vệ theo chiều sâu (Defence in Depth), yếu tố nào được coi là lớp bảo vệ đầu tiên?",tra_cuu,"Trong mô hình phòng vệ theo chiều sâu, lớp bảo vệ nào được xác định là lớp đầu tiên trong bảy lớp bảo vệ?"
744,"Theo tài liệu Public_180, Stress Testing và Soak Testing là gì?",tra_cuu,Soak Testing có mục đích gì trong kiểm tra hiệu suất hệ thống?
745,"Theo tài liệu Public_194, MongoDB là gì?",tra_cuu,"Theo tài liệu Public_194, MongoDB thuộc loại cơ sở dữ liệu nào?"
746,"Khi lựa chọn công cụ AI để thiết kế học liệu điện tử, giáo viên nên ưu tiên tiêu chí nào quan trọng nhất để đảm bảo hiệu quả dạy học?",tra_cuu,Giáo viên nên căn cứ vào tiêu chí nào khi đánh giá các công cụ AI để lựa chọn thiết kế học liệu điện tử hiệu quả?
747,Nêu 1 ưu điểm và 1 nhược điểm của Oracle được đề cập trong tài liệu Public_190.,tra_cuu,Nêu một lợi thế và một bất lợi của Oracle Database được đề cập trong văn bản.
748,"Trong bảy vùng của hạ tầng CNTT, nếu một tổ chức chỉ tập trung bảo mật kỹ ở vùng WAN mà bỏ qua vùng Người dùng (User domain), hệ quả nào có khả năng xảy ra nhất?",tra_cuu,"Trong bảy vùng của hạ tầng CNTT, nếu một tổ chức chỉ tập trung bảo mật kỹ ở vùng người dùng mà bỏ qua vùng máy trạm, hệ quả nào có khả năng xảy ra nhất?"
749,"Trong giải thuật DES, kích thước hiệu dụng của khóa là bao nhiêu bit?",tra_cuu,"Trong giải thuật DES, kích thước khóa thực sử dụng là bao nhiêu bit?"
750,Các giai đoạn phát triển phần mềm,tra_cuu,Hai giai đoạn nào trong quy trình phát triển phần mềm mà DevOps nhằm tối ưu hóa?
751,"Trong tấn công DoS/DDoS, mục tiêu chính của kẻ tấn công là gì?",tra_cuu,Mục tiêu chính của kẻ tấn công trong các cuộc tấn công từ chối dịch vụ (DoS) là gì?
752,"Dựa vào tài liệu Public_254, nếu mục tiêu là giấu thông tin trong ảnh rồi truyền đi mà vẫn muốn thông tin ẩn không bị mất khi ảnh bị nén bằng phương pháp không làm mất dữ liệu hoặc chỉnh sửa nhẹ, định dạng ảnh nào là lựa chọn phù hợp nhất?",tra_cuu,"Dựa vào đoạn văn, định dạng ảnh nào được mô tả là có khả năng lưu trữ hình ảnh kỹ thuật số bitmap và hỗ trợ giấu tin mà không bị mất thông tin khi nén?"
753,Điện dung ký hiệu trên tụ gốm thường được ghi theo dạng nào?,tra_cuu,Điện dung của tụ gốm thường nằm trong khoảng nào?
754,Xác định đúng sự kết hợp giữa “loại HTTT” và “vai trò chính” mà văn bản mô tả:,tra_cuu,Xác định sự kết hợp chính xác giữa “giai đoạn phát triển HTTT” và “hoạt động cụ thể” được nêu trong văn bản:
755,"Qua nội dung của tài liệu Public_166, có thể rút ra nhận định tổng quan nào về quản lý an toàn thông tin?",tra_cuu,"Qua nội dung của tài liệu Public_166, các bước nào trong quy trình quản lý an toàn thông tin cần được thực hiện để bảo vệ tài sản?"
756,Các đóng góp cụ thể và cơ chế chính của cách mạng kỹ thuật số trong việc thúc đẩy các mục tiêu phát triển bền vững là gì?,tra_cuu,Cách mạng kỹ thuật số đóng vai trò gì trong việc đạt được các Mục tiêu Phát triển bền vững theo sáng kiến TWI2050?
757,Tấn công SYN Flood khai thác điểm yếu nào trong giao thức TCP?,tra_cuu,Tấn công SYN Flood chủ yếu gây ảnh hưởng đến tài nguyên nào của máy nạn nhân?
758,"Theo tài liệu Public_175, người dùng cần có những điều kiện cơ bản nào để sử dụng Zoiper?",tra_cuu,"Theo tài liệu Public_175, người dùng cần có những gì để sử dụng ứng dụng Zoiper?"
759,"Trong tài liệu có nêu: vi rút, sâu và zombie đều có khả năng tự lây nhiễm (self-infection/self-replicate). Nếu hệ thống bị nhiễm cả vi rút và sâu, nguy cơ nào là đáng lo ngại nhất?",tra_cuu,"Nếu một hệ thống bị tấn công bởi cả sâu và vi rút, điều nào sau đây có thể gây ra hậu quả nghiêm trọng hơn?"
760,"Theo Phụ lục III, phương thức kết nối đến Cổng dịch vụ chứng thực chữ ký số công cộng là gì?",tra_cuu,"Theo hướng dẫn tại Phụ lục III, giao thức nào được sử dụng để kết nối với Cổng eSign?"
761,"Theo kịch bản tấn công Smurf, nếu một mạng LAN có 200 máy và tất cả đều phản hồi ICMP về máy nạn nhân, điều gì có thể xảy ra?",tra_cuu,"Theo mô hình tấn công Smurf, nếu có một mạng LAN với 200 máy gửi phản hồi ICMP về máy nạn nhân, điều gì có thể xảy ra?"
762,Kafka ban đầu được phát triển bởi ai?,tra_cuu,Ai là tổ chức phát triển ban đầu của Apache Kafka?
763,Văn bản phân biệt “di chuyển cơ sở dữ liệu” và “sao chép cơ sở dữ liệu” như thế nào?,tra_cuu,"Văn bản giải thích sự khác biệt giữa ""chuyển dữ liệu"" và ""sao chép dữ liệu"" như thế nào?"
764,"Qua việc so sánh DES, 3-DES và AES, có thể rút ra nhận định tổng quan nào về xu hướng phát triển của các giải thuật mã hóa khóa đối xứng?",tra_cuu,"Dựa vào đoạn văn, đâu là kích thước khóa tối thiểu được xem là không an toàn trong mã hóa khóa đối xứng?"
766,Thuật toán mật mã nào bắt buộc áp dụng cho chữ ký số theo quy định kỹ thuật trong Thông tư?,tra_cuu,Thuật toán nào được yêu cầu áp dụng cho chữ ký số theo quy định trong tiêu chuẩn TCVN 7635:2007?
768,"Theo Microsoft, lỗ hổng bảo mật được phân loại theo mấy mức độ nghiêm trọng?",tra_cuu,"Theo Microsoft, các lỗ hổng bảo mật được phân loại thành mấy mức độ nghiêm trọng khác nhau?"
769,"Nếu một nhóm phát triển muốn xem xét thay đổi từ repository từ xa trước khi quyết định có nên hợp nhất chúng vào nhánh chính hay không, theo văn bản, họ nên sử dụng thao tác nào, và lý do?",tra_cuu,"Nếu một nhóm phát triển muốn tải về các thay đổi mới từ một repository từ xa mà không muốn hợp nhất chúng ngay lập tức, họ nên thực hiện thao tác nào và tại sao?"
770,Devops khác biệt gì so với Sysadmin?,tra_cuu,DevOps Engineer cần những kỹ năng gì để tự động hóa hệ thống?
771,Zoiper có thể hỗ trợ nhiều giao thức kết nối và nhiều nền tảng thiết bị. Phần mềm này hỗ trợ những giao thức nào và có thể cài đặt trên những hệ điều hành nào?,tra_cuu,Zoiper hỗ trợ những giao thức nào và có thể được cài đặt trên các hệ điều hành nào?
772,"Trong phần “Ưu điểm của PostgreSQL”, văn bản liệt kê những điểm nào?",tra_cuu,"Trong phần ""Ưu điểm của việc sử dụng PostgreSQL"", những lợi thế nào được đề cập?"
774,"Trong học phần An toàn mạng (Network Security), người học cần đạt được những chuẩn đầu ra nào sau đây?",tra_cuu,"Trong học phần An toàn thông tin, người học cần đạt được những khả năng nào theo các chuẩn đầu ra?"
775,"Theo tài liệu, mã hóa khóa đối xứng còn được gọi bằng tên nào?",tra_cuu,Mã hóa khóa đối xứng còn được biết đến với tên gọi nào khác?
776,"Khi tạo nhóm làm việc mới trong Tableau, sau khi nhập tên nhóm, người dùng cần thao tác gì tiếp theo?",tra_cuu,"Sau khi nhập tên nhóm trong Tableau, người dùng cần thực hiện thao tác nào tiếp theo?"
777,"Từ các dạng tấn công (SYN Flood, Smurf, DDoS, giả mạo địa chỉ, nghe lén) được mô tả trong tài liệu Public_154, hãy rút ra nhận định tổng quan về đặc điểm của các tấn công từ chối dịch vụ và tấn công mạng.",tra_cuu,Các phương pháp tấn công nào được đề cập trong đoạn văn có thể gây ra tình trạng hệ thống không khả dụng?
778,"Theo tài liệu Public_168, mục tiêu chính của Tableau là gì?",tra_cuu,Mục đích chính của phần mềm Tableau là gì?
779,"Theo tài liệu Public_184, HTTT quản lý cung cấp dạng thông tin nào và hệ thống hỗ trợ quyết định cung cấp thông tin gì?",tra_cuu,"Theo tài liệu Public_184, hệ thống quản lý cung cấp loại thông tin nào và hệ thống hỗ trợ quyết định cung cấp thông tin theo cách thức gì?"
780,Mục tiêu Phát triển bền vững 6 (SDG 6) của Liên hợp quốc nhằm đảm bảo điều gì?,tra_cuu,Mục tiêu Phát triển bền vững 6 (SDG 6) của Liên hợp quốc hướng đến điều gì cho tất cả mọi người vào năm 2030?
783,Kể tên 2 công việc của Devops,tra_cuu,Kể tên 2 nhiệm vụ chính của DevOps Engineer.
784,"Theo tài liệu, hệ thống IDS hoạt động chủ yếu ở lớp nào trong mô hình OSI?",tra_cuu,Hệ thống IDS thường hoạt động chủ yếu ở lớp nào trong mô hình OSI?
785,"Trong bốn phương pháp đánh giá rủi ro, phương pháp nào đòi hỏi chi phí lớn về thời gian, nguồn lực và yêu cầu chuyên gia có trình độ cao?",tra_cuu,"Trong các phương pháp đánh giá rủi ro, phương pháp nào yêu cầu nhiều thời gian, nguồn lực và chuyên môn cao?"
786,Điểm khác biệt cơ bản giữa tấn công DoS và tấn công DDoS là gì?,tra_cuu,Sự khác biệt chính giữa tấn công DoS và DDoS là gì?
787,"Dựa vào tài liệu Public_166, hãy xác định ưu điểm chính và nhược điểm nổi bật của phương pháp không chính thức được đề cập.",tra_cuu,Hãy chỉ ra một trong những lợi ích và một trong những bất lợi của phương pháp không chính thức trong đánh giá rủi ro được đề cập trong đoạn văn.
788,Thuật toán Shor có vai trò gì trong lịch sử phát triển Máy tính lượng tử?,tra_cuu,Thuật toán nào được Peter Shor giới thiệu vào năm 1994 và có khả năng phân tích số nguyên tố nhanh hơn phương pháp truyền thống?
789,"Theo tài liệu, yếu tố nào khiến cho học liệu điện tử (HLĐT) trở thành công cụ đặc biệt phù hợp trong bối cảnh chuyển đổi số giáo dục?",tra_cuu,Yếu tố nào làm cho học liệu điện tử trở thành công cụ thiết yếu trong quá trình đổi mới chương trình giáo dục phổ thông hiện nay?
790,Nêu 1 lý do cần Kubernetes và lý do container trở nên phổ biến,tra_cuu,Nêu một ưu điểm của container so với máy ảo trong việc triển khai ứng dụng.
791,"Qua các đặc điểm được mô tả trong tài liệu Public_159, có thể rút ra nhận định tổng quan nào về ưu điểm nổi bật của mã hóa khóa bất đối xứng so với mã hóa khóa đối xứng?",tra_cuu,"Dựa trên các đặc điểm được nêu trong đoạn văn, ưu điểm chính của mã hóa khóa bất đối xứng so với mã hóa khóa đối xứng là gì?"
792,"Theo tài liệu Public_185, các loại báo cáo mà Jira cung cấp có đặc điểm chung nào?",tra_cuu,Các báo cáo trong Jira mang lại lợi ích gì cho người quản lý dự án?
793,"Theo tài liệu, sau khi đã tạo dự án, người dùng có thể chỉnh sửa bằng cách click dấu “ba chấm” cạnh tên dự án. Nếu muốn thay đổi chủ sở hữu của dự án, người dùng cần chọn thao tác nào trong danh sách hiện ra?",tra_cuu,"Sau khi đã tạo dự án, để thực hiện việc chuyển đổi chủ sở hữu dự án, người dùng cần chọn thao tác nào từ danh sách hiện ra khi nhấn vào dấu “ba chấm” cạnh tên dự án?"
794,"Dựa trên tài liệu Public_163, hãy xác định một thực thể tham gia mô hình giao dịch SET và một nhiệm vụ chính của thực thể đó.",tra_cuu,Hãy chỉ ra một thực thể trong mô hình giao dịch SET và một vai trò chính của thực thể đó.
796,"Nếu một hệ thống phải xử lý khối lượng lớn dữ liệu động và thường xuyên thay đổi, nhược điểm nào của GraphQL có thể khiến việc tối ưu hiệu suất trở nên phức tạp hơn?",tra_cuu,Nhược điểm nào của GraphQL liên quan đến việc xử lý hiệu suất khi có khối lượng lớn dữ liệu động?
798,"Theo tài liệu Public_182, DoS và DDoS là gì?",tra_cuu,Tấn công DDoS có thể được chia thành mấy dạng chính theo mô hình kiến trúc?
799,"Theo tài liệu Public_165, tường lửa lọc gói (Packet-filtering firewall) hoạt động dựa trên nguyên tắc nào?",tra_cuu,Tường lửa lọc gói chủ yếu dựa vào phương pháp nào để quyết định việc chuyển tiếp các gói tin?
800,"Khi client chỉ cần một phần thông tin cụ thể từ server, GraphQL giúp loại bỏ tình trạng nào để tối ưu hóa tải trọng dữ liệu?",tra_cuu,"Khi client cần truy xuất thông tin một cách chính xác từ server, GraphQL giúp giảm thiểu tình trạng nào để cải thiện hiệu suất tải dữ liệu?"
801,Nêu một đặc điểm nổi bật của hệ thống quản lý gói trên Ubuntu và phương pháp cài đặt Driver Nvidia sử dụng kho lưu trữ chuẩn.,tra_cuu,Nêu một bước trong quy trình cài đặt Driver Nvidia thông qua kho lưu trữ chuẩn của Ubuntu.
802,Hệ thống được mô tả trong tài liệu Public_282 sử dụng công nghệ nào để xây dựng giao diện người dùng (UI/UX)?,tra_cuu,Hệ thống trong tài liệu Public_282 áp dụng công nghệ nào cho phần giao diện người dùng?
803,Loại tấn công nào gửi nhiều HTTP request làm quá tải server?,tra_cuu,Loại tấn công nào gửi nhiều yêu cầu HTTP để làm cho máy chủ không thể phản hồi?
804,Tóm tắt nội dung chính của học phần An toàn mạng (INT1482)?,tra_cuu,Nội dung chính của học phần An toàn mạng bao gồm những kỹ năng và kiến thức nào?
805,"Nếu một nhóm dự án nhỏ (dưới 3 tháng) lựa chọn Jira, rủi ro lớn nhất theo tài liệu là gì?",tra_cuu,Rủi ro lớn nhất khi sử dụng Jira cho dự án nhỏ dưới 3 tháng là gì theo tài liệu?
806,Quản lý dự án giúp doanh nghiệp đạt được mục tiêu chiến lược như thế nào?,tra_cuu,Quản lý dự án hỗ trợ doanh nghiệp như thế nào trong việc hoàn thành dự án đúng yêu cầu và trong thời gian cho phép?
807,Tổng quan về Kubernetes trong tài liệu Public_192,tra_cuu,Kubernetes được phát triển dựa trên kinh nghiệm của Google trong việc quản lý khối lượng công việc trong bao lâu?
809,"Khi công ty có một nhóm QA/Tester với background là ít kỹ năng lập trình, theo bạn thì lựa chọn công cụ nào phù hợp nhất để phù hợp với đội nhóm cho việc kiểm thử tự động?",tra_cuu,"Khi đội ngũ QA/Tester có ít kinh nghiệm lập trình, loại công cụ nào có khả năng hỗ trợ họ trong việc kiểm thử tự động một cách hiệu quả?"
811,"Theo tài liệu, phương pháp kết hợp bắt đầu bằng đánh giá rủi ro ở mức cao, sau đó chuyển sang đánh giá chi tiết. Nếu đánh giá ở mức cao ban đầu không chính xác, hậu quả nào có thể xảy ra?",tra_cuu,"Nếu đánh giá rủi ro sơ bộ không chính xác, hậu quả nào có thể xảy ra theo phương pháp kết hợp?"
812,"Theo tài liệu, những ưu điểm nổi bật nào của Jira được liệt kê?",tra_cuu,Những điểm mạnh nào của phần mềm Jira được nêu trong tài liệu?
814,Mục tiêu chính của kiểm thử hiệu năng trong việc đánh giá khả năng đáp ứng và ổn định của hệ thống là gì?,tra_cuu,Mục đích của việc thực hiện kiểm thử hiệu suất là gì?
815,"Trong hệ thống phân bổ giảng đường, nếu một giảng đường đang được lên lịch sử dụng cho lớp học chính khóa nhưng đồng thời có sự cố hỏng thiết bị, hệ thống sẽ xử lý thế nào và ai chịu trách nhiệm xử lý sự cố?",tra_cuu,"Trong hệ thống sắp xếp giảng đường, ai là người có quyền xử lý báo cáo sự cố và quản lý thiết bị?"
816,"Kiểm thử tự động là gì, các nguyên tắc cơ bản và lợi ích chính của nó?",tra_cuu,Kiểm thử tự động sử dụng công cụ gì để thực hiện các trường hợp kiểm thử?
817,"Trong quy trình khai báo mã KH COD hàng ngày, khi khách hàng chưa xác thực OTP, hệ thống xử lý yêu cầu ra sao và trạng thái thay đổi thế nào nếu sau 72 giờ vẫn chưa xác thực?",tra_cuu,"Khi yêu cầu xác thực OTP không được khách hàng phản hồi sau 72 giờ, hệ thống sẽ xử lý như thế nào và trạng thái sẽ được cập nhật ra sao?"
818,Mục đích chính của quá trình ETL trong quản lý dữ liệu là gì?,tra_cuu,Mục tiêu chính của quy trình ETL trong quản lý dữ liệu là gì?
819,"Nếu hệ thống sử dụng khóa 64 bit, không gian khóa là 2⁶⁴. Giả sử một kẻ tấn công có thể thử 1 tỉ khóa/giây, thời gian cần để thử hết toàn bộ không gian khóa gần bằng bao nhiêu?",tinh_toan,"Nếu hệ thống áp dụng thuật toán mã hóa DES với khóa 64 bit, kẻ tấn công có thể thử 1 tỉ khóa mỗi giây. Thời gian cần thiết để quét toàn bộ không gian khóa là bao lâu?"
821,"Hãy xác định hai cách thêm người dùng vào Tableau, và thao tác đầu tiên trong mỗi cách.",tra_cuu,Hãy chỉ ra hai phương pháp để thêm người dùng vào Tableau và nêu thao tác đầu tiên cho mỗi phương pháp đó.
822,Bước nào nêu rõ các tiêu chí và quy trình để lựa chọn công cụ kiểm thử phù hợp?,tra_cuu,Bước nào giúp xác định công cụ kiểm thử tự động phù hợp với loại ứng dụng và môi trường hoạt động?
823,"Theo tài liệu Public_152, trong bảy vùng của hạ tầng CNTT, vùng nào được đề cập là có nhiều mối đe dọa và nguy cơ nhất?",tra_cuu,"Trong tài liệu Public_152, vùng nào được mô tả là có nhiều mối nguy hiểm do dễ bị tấn công và rò rỉ dữ liệu?"
824,Quá trình thực hiện một giao dịch dựa trên SET gồm mấy bước,tra_cuu,Quá trình thực hiện giao dịch theo giao thức SET bao gồm mấy bước?
825,"Transactional outbox pattern lưu message ở đâu, và thành phần nào chịu trách nhiệm đọc & publish message đó?",tra_cuu,Publisher trong pattern này có nhiệm vụ gì và cách thức nào để đảm bảo không publish message nhiều lần?
826,"Nếu một công ty vừa và nhỏ chọn Jira để quản lý dự án Agile, trong khi đội ngũ nhân viên còn hạn chế về tiếng Anh và ngân sách, họ sẽ đối mặt với những khó khăn nào nhất",tra_cuu,"Nếu một doanh nghiệp nhỏ quyết định sử dụng Jira để quản lý dự án Agile, họ sẽ gặp phải những thách thức nào chính?"
827,"Theo văn bản, Git khác biệt so với VCS cục bộ như SVN ở điểm nào, và Git hỗ trợ thao tác nào giúp phát triển song song mà vẫn an toàn?",tra_cuu,"Git có ưu điểm gì nổi bật so với các hệ thống kiểm soát phiên bản cục bộ như SVN, và tính năng nào của Git cho phép phát triển nhiều tính năng một cách an toàn?"
828,"Theo tài liệu, tài sản an toàn thông tin bao gồm những loại nào?",tra_cuu,"Theo nội dung đã đề cập, tài sản an toàn thông tin bao gồm những thành phần nào?"
829,Các thuật ngữ thường dùng của MongoDB,tra_cuu,Document trong MongoDB có vai trò tương tự với thành phần nào trong các hệ thống cơ sở dữ liệu quan hệ?
830,"Theo tài liệu, để thêm nhãn dữ liệu trong Tableau, bước đầu tiên cần thực hiện là gì?",tra_cuu,Bước đầu tiên để thêm nhãn dữ liệu trong phần mềm Tableau là gì?
834,"Hãy xác định (i) công thức mối quan hệ giữa tấn công, mối đe dọa và lỗ hổng, và (ii) ví dụ một dạng tấn công theo mục đích.",tra_cuu,"Hãy xác định (i) công thức thể hiện mối liên hệ giữa cuộc tấn công, yếu tố đe dọa và điểm yếu, và (ii) đưa ra một ví dụ về loại tấn công có mục tiêu cụ thể."
835,"Trong giải thuật RSA, độ an toàn được dựa trên tính khó của bài toán nào?",tra_cuu,"Trong thuật toán RSA, độ bảo mật chủ yếu dựa vào độ khó của việc làm gì?"
836,"Từ các phương pháp mã hóa (thay thế, hoán vị, XOR, Vernam, khóa chạy, hàm băm), hãy rút ra nhận định tổng quan về các nguyên lý mã hóa cơ bản hoặc các điểm khác biệt chính giữa chúng.",tra_cuu,Hãy cho biết nguyên tắc hoạt động của phương pháp hoán vị trong mã hóa?
837,"Hãy xác định (i) năm DSA được NIST công nhận là chuẩn chữ ký số, và (ii) tên của một thành phần trong PKI có nhiệm vụ xác minh thông tin nhận dạng của người dùng.",tra_cuu,"Xác định (i) năm nào DSA được công nhận là chuẩn chữ ký số bởi NIST, và (ii) tên của một thành phần trong PKI có chức năng xác thực thông tin nhận diện người dùng."
838,Public_179 mô tả những nhiệm vụ nào trong thiết kế và phát triển kịch bản kiểm thử tự động?,tra_cuu,Public_180 nêu rõ các bước nào trong quy trình thực hiện kiểm thử tự động?
839,"Hãy xác định (i) phần mềm độc hại nào thường giả danh chương trình có ích để lừa người dùng, và (ii) ví dụ một hình thức lây nhiễm đặc trưng của nó.",tra_cuu,"Xác định (i) loại phần mềm độc hại nào thường mạo danh ứng dụng hữu ích để đánh lừa người dùng, và (ii) cho ví dụ về một phương thức lây nhiễm điển hình của nó."
840,Mục tiêu của tấn công DoS là gì?,tra_cuu,Mục đích chính của tấn công DoS nhằm vào hệ thống là gì?
841,"Theo tài liệu Public_174, ETL (Extract, Transform, Load) được hiểu là gì?",tra_cuu,"Theo tài liệu Public_174, quy trình ETL bao gồm những bước nào?"
842,Tổng quan về các tính năng và nguyên lý hoạt động của Ubuntu,tra_cuu,Tính năng nào của Ubuntu giúp nó trở thành lựa chọn ổn định cho doanh nghiệp và người dùng muốn tránh nâng cấp thường xuyên?
843,Khóa bí mật trong tài liệu Public_283 được hiểu là gì?,tra_cuu,Khóa bí mật trong cặp khóa không đối xứng được dùng để làm gì?
844,"Theo tài liệu, giao thức SSL/TLS được xây dựng dựa trên phiên bản nào của SSL?",tra_cuu,Giao thức TLS được phát triển dựa trên phiên bản nào của giao thức SSL?
846,Zoiper được biết đến là loại phần mềm gì?,tra_cuu,Zoiper có chức năng chính nào?
847,"Theo tài liệu, Estuary Flow sử dụng tính năng nào của MySQL để sao chép dữ liệu hiệu quả về chi phí?",tra_cuu,Estuary Flow tận dụng tính năng nào của MySQL để thực hiện sao chép dữ liệu một cách tiết kiệm chi phí?
849,"Trong hệ sinh thái Tableau, thành phần nào cho phép người dùng chuẩn bị và làm sạch dữ liệu trước khi phân tích?",tra_cuu,"Trong các công cụ của Tableau, thành phần nào giúp người dùng xử lý và cải thiện chất lượng dữ liệu trước khi phân tích?"
851,"Nếu Spike Testing thất bại liên tục, điều gì xảy ra khi một số lượng lớn người dùng truy cập cùng một lúc vào một hệ thống thương mại điện tử?",tra_cuu,"Nếu một hệ thống thương mại điện tử không được kiểm tra Spike Testing, điều gì có thể xảy ra khi nhiều người dùng truy cập đồng thời?"
852,"Theo nội dung văn bản, thành phần nào trong Flutter chịu trách nhiệm cung cấp công cụ (ví dụ: trình biên dịch) để biên dịch mã nguồn thành mã gốc (native code) cho từng hệ điều hành, giúp ứng dụng hoạt động mượt mà trên mỗi nền tảng?",tra_cuu,Thành phần nào trong Flutter cung cấp bộ công cụ để phát triển ứng dụng và biên dịch mã nguồn thành mã gốc cho các hệ điều hành khác nhau?
853,"Qua các nội dung trong tài liệu, có thể rút ra nhận định tổng quan nào về lợi ích khi sử dụng Tableau trong doanh nghiệp?",tra_cuu,Những lợi ích nào mà Tableau mang lại cho doanh nghiệp trong việc phân tích và trực quan hóa dữ liệu?
854,"Theo tài liệu, pgloader cho phép thực hiện những tác vụ nào, và pg-chameleon được dùng trong trường hợp nào?",tra_cuu,Pg-chameleon được sử dụng để làm gì trong quá trình sao chép dữ liệu giữa MySQL và PostgreSQL?
855,"Trong lịch sử phát triển mật mã, năm 1977 đánh dấu sự ra đời của giải thuật nào?",tra_cuu,"Năm 1977, giải thuật mã hóa nào được Mỹ công nhận là chuẩn?"
856,Mục đích chính của hệ thống thông tin quản lý và phân bổ giảng đường là gì?,tra_cuu,Chức năng nào của hệ thống thông tin quản lý giảng đường cho phép báo cáo sự cố và thống kê tình trạng sử dụng?
857,Cung cấp tổng quan về Oracle Database dựa trên nội dung trong tài liệu Public_190.,tra_cuu,Oracle Database được phát hành lần đầu vào năm nào?
858,Tóm tắt các nội dung chính của văn bản này,tra_cuu,Những tổ chức nào đã có những kết quả nghiên cứu về xử lý ngôn ngữ tiếng Việt theo đoạn văn trên?
859,"Những công cụ AI nào đã thực sự được phát triển trong giáo dục từ những năm 2000 đến nay, và chúng có vai trò gì?",tra_cuu,Những nền tảng học tập trực tuyến nào bắt đầu trở nên phổ biến từ những năm 2000 và chúng đã thay đổi cách tiếp cận kiến thức của người học như thế nào?
860,Jira được phát triển bởi công ty nào?,tra_cuu,Jira được phát triển bởi công ty nào của Australia?
861,Ba thuộc tính cốt lõi cần bảo vệ trong an toàn thông tin là gì?,tra_cuu,Ba yếu tố chính cần bảo vệ trong lĩnh vực an ninh thông tin là gì?
862,Hãy cho biết các thành phần chính của an toàn thông tin và nêu vai trò của chính sách an toàn thông tin đối với các thành phần đó.,tra_cuu,Hãy cho biết các yếu tố chính tạo nên an toàn thông tin và nêu tầm quan trọng của chính sách an toàn thông tin đối với những yếu tố đó.
863,Hãy xác định phiên bản Tableau miễn phí và đặc điểm nổi bật của phiên bản này.,tra_cuu,Hãy cho biết tên gọi của phiên bản Tableau miễn phí và chức năng chính của phiên bản này.
864,"Theo tài liệu Public_162, điểm khác biệt quan trọng giữa IDS và IPS là gì?",tra_cuu,Điểm khác biệt chính giữa hệ thống phát hiện và hệ thống ngăn chặn tấn công là gì?
865,GraphQL được coi là một ngôn ngữ gì trong lĩnh vực phát triển API?,tra_cuu,GraphQL được xem là loại ngôn ngữ nào trong phát triển các giao diện lập trình ứng dụng?
866,"Theo tài liệu Public_197, những yêu cầu cụ thể nào về cơ sở vật chất được xem là thách thức lớn nhất khi ứng dụng AI?",tra_cuu,"Theo tài liệu Public_197, thách thức nào liên quan đến cơ sở hạ tầng khi triển khai AI được nhấn mạnh?"
867,"Giả sử một start-up có nguồn lực hạn chế nhưng cần ra mắt nhanh một MVP đa nền tảng với mức độ tùy biến giao diện tương đối cao. Dựa trên văn bản, hai yếu tố nào là NHẤT QUYẾT ĐỊNH cho quyết định chọn (hoặc không chọn) Flutter trong trường hợp này? (Chọn 2.)",tra_cuu,"Trong trường hợp một start-up có ngân sách hạn chế và cần phát triển nhanh một sản phẩm khả thi tối thiểu (MVP), hai yếu tố nào là QUYẾT ĐỊNH để xem xét việc sử dụng Flutter? (Chọn 2.)"
868,Tổng quan Devops dành cho người mới bắt đầu là gì?,tra_cuu,DevOps giúp tối ưu hóa điều gì trong quá trình phát triển phần mềm?
869,Mục đích chính của việc xây dựng Cổng kết nối dịch vụ chứng thực chữ ký số công cộng là gì?,tra_cuu,Mục đích chính của Cổng kết nối dịch vụ chứng thực chữ ký số công cộng là gì?
870,Giao diện của phần mềm softphone Zoiper được thiết kế như thế nào để người dùng cảm thấy quen thuộc khi sử dụng?,tra_cuu,Giao diện của Zoiper có những tính năng nào giúp người dùng cảm thấy như đang sử dụng điện thoại thông thường?
871,"Theo tài liệu, chuỗi giá trị băm đầu ra của MD5 có kích thước bao nhiêu bit?",tra_cuu,Chuỗi giá trị băm đầu ra của MD5 có độ dài là bao nhiêu byte?
873,"Theo tài liệu Public_196, các quốc gia nên áp dụng những chiến lược nào để đảm bảo nguồn nước bền vững trong tương lai khi các giải pháp hiện tại không đủ để giải quyết tình trạng khan hiếm nước?",tra_cuu,"Theo tài liệu Public_196, các công nghệ nào có thể được áp dụng để cải thiện quản lý nguồn nước và đáp ứng nhu cầu ngày càng cao?"
874,"Jira cung cấp loại báo cáo nào, và hạn chế gì khi áp dụng cho dự án ngắn hạn (dưới 3 tháng)?",tra_cuu,"Jira có những loại báo cáo nào, và có những giới hạn gì khi áp dụng cho các dự án có thời gian ngắn hơn 3 tháng?"
876,"Trong tài liệu Public_282, cơ sở dữ liệu nào được hệ thống sử dụng để lưu trữ dữ liệu?",tra_cuu,"Trong tài liệu Public_282, hệ quản trị cơ sở dữ liệu nào được sử dụng để lưu trữ thông tin?"
877,"Sau khi khách hàng xác thực OTP thành công, hệ thống sẽ thực hiện bước nào tiếp theo?",tra_cuu,"Sau khi khách hàng nhập mã OTP và xác thực thành công, màn hình nào sẽ được hiển thị tiếp theo?"
878,"Hãy xác định (i) năm xuất hiện khái niệm mã hóa khóa bất đối xứng, và (ii) tên của hai nhà khoa học đề xuất nó.",tra_cuu,"Hãy cho biết (i) năm khái niệm mã hóa khóa công khai lần đầu được giới thiệu, và (ii) tên của hai nhà nghiên cứu đã phát triển nó."
879,"Theo Thông tư, “cặp khóa bất đối xứng” trong phần mềm ký số bao gồm những thành phần nào?",tra_cuu,"Theo Thông tư, ""cặp khóa bất đối xứng"" bao gồm những thành phần nào?"
880,"Trung tâm dữ liệu đã có tường lửa, IDS/IPS và sao lưu định kỳ. Sự cố gần đây cho thấy một máy chủ bị cài mã độc qua tài khoản quản trị mặc định của thiết bị IoT trong mạng nội bộ. Nếu chỉ được chọn một biện pháp bổ sung ngay lập tức, biện pháp nào giảm nguy cơ lặp lại sự cố tương tự một cách trực tiếp và hiệu quả nhất?",tra_cuu,"Trung tâm dữ liệu hiện có một số biện pháp bảo mật, nhưng sự cố gần đây cho thấy cần bổ sung thêm. Biện pháp nào sau đây sẽ giúp ngăn chặn hiệu quả việc xâm nhập qua thiết bị IoT trong mạng nội bộ?"
881,Mô tả chi tiết ưu điểm của Kafka về tính mã nguồn mở và khả năng xử lý dữ liệu lớn.,tra_cuu,Liệt kê những lợi ích của Kafka liên quan đến tính mở và khả năng xử lý dữ liệu lớn.
882,"Hãy xác định (i) tên 2 nhà mật mã học đã phát triển Rijndael – cơ sở của AES, và (ii) năm AES được NIST công nhận là chuẩn mã hóa dữ liệu.",tra_cuu,"Hãy cho biết (i) tên 2 nhà nghiên cứu đã phát triển thuật toán Rijndael, và (ii) năm mà AES được công nhận là tiêu chuẩn mã hóa dữ liệu bởi NIST."
883,SQL Server được sử dụng chủ yếu để quản lý và truy vấn dữ liệu quan hệ trong các hệ thống doanh nghiệp như thế nào?,tra_cuu,SQL Server được thiết kế với mục đích gì trong việc quản lý dữ liệu cho các tổ chức?
884,"Từ tài liệu Public_193, những kiến thức và kỹ năng nào là cần thiết cho một kỹ sư DevOps khi tập trung vào một giai đoạn cụ thể trong roadmap DevOps?",tra_cuu,Những kỹ năng nào là cần thiết cho một kỹ sư DevOps khi tham gia vào quá trình phát triển sản phẩm?
885,Các loại hệ thống thông tin (HTTT) được văn bản phân loại trong doanh nghiệp có thể nhóm lại thành những loại nào?,tra_cuu,Các loại hệ thống thông tin mà dự án có thể phát triển trong doanh nghiệp bao gồm những loại nào?
886,"Hãy xác định hai kỹ thuật phát hiện xâm nhập chính của IDS, và  nhược điểm tương ứng của mỗi kỹ thuật.",tra_cuu,Hãy chỉ ra hai phương pháp phát hiện xâm nhập chính của hệ thống IDS và nêu ra nhược điểm tương ứng của từng phương pháp.
887,"Theo quan điểm hệ thống trong dự án HTTT, yếu tố nào được xem là quan trọng nhất để quyết định hiệu quả toàn bộ hệ thống?",tra_cuu,Yếu tố nào được cho là có tác động lâu dài đến sự thành công của các dự án trong tổ chức?
888,Tóm tắt các nội dung chính của văn bản Public_182 về tấn công DoS/DDoS.,tra_cuu,Phân loại các kiểu tấn công DDoS được mô tả trong văn bản là gì?
889,Phần mềm ký số cần hỗ trợ định dạng dữ liệu nào theo Phụ lục I của tài liệu Public_257?,tra_cuu,Phần mềm ký số phải tuân thủ những tiêu chuẩn nào theo Phụ lục I của Thông tư liên quan đến chứng thư chữ ký số?
890,Tóm tắt những ảnh hưởng của đại dịch COVID-19 đến việc áp dụng công nghệ trong giáo dục là gì?,tra_cuu,Những thay đổi nào trong nhận thức về công nghệ giáo dục đã xảy ra do ảnh hưởng của đại dịch COVID-19?
891,"Theo tài liệu Public_167, chuẩn ISO/IEC 27001:2005 tập trung vào nội dung nào?",tra_cuu,Chuẩn ISO/IEC 27001:2005 chú trọng vào các bước nào trong chu trình quản lý an toàn thông tin?
892,"Theo báo cáo của WHO và UNICEF, đến năm 2030, tình trạng khan hiếm nước sẽ khiến bao nhiêu triệu người phải di dời?",tra_cuu,"Theo dự báo của WHO và UNICEF, đến năm 2030, số lượng người sẽ phải rời bỏ nơi ở do thiếu nước là bao nhiêu triệu?"
894,"Theo tài liệu, quá trình kiểm tra chữ ký số gồm bước so sánh hai chuỗi đại diện MD1 và MD2. Nếu một kẻ tấn công thay đổi nội dung thông điệp trong quá trình truyền nhưng không có khóa riêng của người gửi, điều gì sẽ xảy ra?",tra_cuu,"Nếu một kẻ tấn công chỉnh sửa nội dung của thông điệp nhưng không có khóa riêng của người gửi, kết quả của việc so sánh chuỗi đại diện MD1 và MD2 sẽ như thế nào?"
895,Các phiên bản của Oracle Database,tra_cuu,Các loại phiên bản của Oracle Database bao gồm những gì?
896,Những yếu tố nào theo văn bản trực tiếp góp phần rút ngắn thời gian phát triển khi dùng Flutter (chọn mọi đáp án phù hợp)?,tra_cuu,Những lợi ích nào của Flutter giúp rút ngắn thời gian phát triển ứng dụng (chọn mọi đáp án phù hợp)?
897,"Theo tài liệu, thành phần nào trong chứng chỉ số đóng vai trò ký để đảm bảo tính xác thực và toàn vẹn?",tra_cuu,Thành phần nào trong chứng chỉ số được sử dụng để xác thực và đảm bảo dữ liệu không bị thay đổi?
898,Tóm tắt các nội dung chính của văn bản về Apache Kafka.,tra_cuu,Apache Kafka được phát triển lần đầu bởi công ty nào và vào năm nào?
899,Tóm tắt các bước cài đặt SQL Server 2022,tra_cuu,Các bước cần thực hiện để tải về phiên bản Express của SQL Server 2022 là gì?
900,"Qua các dạng phần mềm độc hại được trình bày (virus, sâu, trojan, backdoor, rootkit, spyware, adware, zombie, bom logic…), có thể rút ra nhận định tổng quan nào về đặc điểm chung của phần mềm độc hại?",tra_cuu,"Từ các loại phần mềm độc hại đã đề cập, có thể nhận ra đặc điểm chung nào của chúng?"
901,"Trong cấu trúc tệp BMP, phần nào có kích thước 14 byte và lưu trữ thông tin tổng quát về tệp hình ảnh bitmap?",tra_cuu,Phần nào trong tệp BMP có dung lượng 14 byte và chứa thông tin tổng quát về tệp ảnh bitmap?
902,"Khi muốn tạo một nhóm làm việc mới trên Tableau, bước cuối cùng mà người dùng cần thực hiện là gì?",tra_cuu,"Khi đã nhập tên và chọn vai trò cho nhóm, bước tiếp theo để hoàn thành việc tạo nhóm làm việc trên Tableau là gì?"
903,"Theo tài liệu, MD5 tạo chuỗi giá trị băm 128 bit, SHA1 tạo chuỗi 160 bit. Nếu một ứng dụng yêu cầu độ dài băm tối thiểu 160 bit để đảm bảo an toàn, hệ quả nào có thể xảy ra nếu vẫn sử dụng MD5 thay vì SHA1?",tra_cuu,"Theo tài liệu, MD5 tạo ra giá trị băm có chiều dài bao nhiêu bit và tại sao nó hiện không được khuyến nghị sử dụng?"
904,"Nội dung chính của tài liệu “Trí tuệ nhân tạo trong kế toán, kiểm toán” là gì?",tra_cuu,"Nội dung chính của tài liệu “Trí tuệ nhân tạo trong kế toán, kiểm toán” nhấn mạnh điều gì về việc ứng dụng công nghệ này?"
905,"Hãy xác định (i) hai phương pháp phát hiện tấn công thường được sử dụng trong IDS, và (ii) nhược điểm của mỗi phương pháp.",tra_cuu,"Hãy xác định (i) hai phương pháp phát hiện xâm nhập thường được áp dụng trong IDS, và (ii) một nhược điểm của từng phương pháp."
906,"Nếu một công ty thương mại điện tử muốn phân tích xu hướng mua hàng trong nhiều năm mà dữ liệu giao dịch chứa nhiều bản ghi trùng lặp, bước nào trong ETL sẽ quan trọng nhất để giải quyết vấn đề này?",tra_cuu,"Nếu một doanh nghiệp thương mại điện tử muốn cải thiện chất lượng dữ liệu giao dịch để phân tích xu hướng mua sắm, bước nào trong quy trình ETL sẽ quan trọng nhất để loại bỏ các bản ghi lặp lại?"
907,"Nếu AI không được áp dụng trong giáo dục, điều gì có thể xảy ra với khả năng tiếp cận giáo dục của học sinh ở vùng sâu vùng xa?",tra_cuu,"Nếu không có sự tham gia của AI trong giáo dục, điều gì có thể xảy ra với khả năng tiếp cận giáo dục của trẻ em ở những khu vực khó khăn?"
908,"Theo văn bản, những đặc điểm nào sau đây phản ánh tính phân tán nổi bật của Git?",tra_cuu,"Theo đoạn văn, Git cho phép người dùng làm gì khi không có kết nối mạng?"
909,"Qua quá trình cấp và sử dụng chứng chỉ số trong PKI được mô tả, những điểm rút ra chính nào có thể được xác định?",tra_cuu,Những thành phần chính nào cấu thành nên hạ tầng khóa công khai (PKI)?
910,Các thành phần chính của SQL Server là gì?,tra_cuu,Các thành phần chính của Engine quản lý dữ liệu trong SQL Server là gì?
911,Kubernetes được Google mở mã nguồn từ khi nào?,tra_cuu,Kubernetes được phát hành mã nguồn công khai vào năm nào?
912,Vai trò của an toàn thông tin trong bối cảnh chuyển đổi số và các mối đe dọa mạng gia tăng được thể hiện rõ nhất ở khả năng bảo vệ dữ liệu và đảm bảo hoạt động liên tục?,tra_cuu,Vai trò của trí tuệ nhân tạo trong việc nâng cao khả năng bảo mật mạng và ứng phó với các mối đe dọa hiện đại được thể hiện như thế nào trong bối cảnh chuyển đổi số?
913,"Theo tài liệu Public_178, đặc điểm nào sau đây không phải của một dự án?",tra_cuu,"Theo đoạn văn, một yếu tố nào sau đây không phải là đặc điểm của một dự án?"
914,"Trong các giao thức con của SSL/TLS, giao thức nào đảm nhiệm việc tạo đường hầm an toàn để vận chuyển dữ liệu, đảm bảo tính bí mật và toàn vẹn?",tra_cuu,"Trong các giao thức con của SSL/TLS, giao thức nào chịu trách nhiệm vận chuyển dữ liệu một cách an toàn, đảm bảo tính toàn vẹn và bí mật?"
915,Các bước chính để implement transactional outbox pattern theo tài liệu là gì?,tra_cuu,Bước đầu tiên trong việc triển khai mô hình outbox transactional là gì?
916,Thông tư Public_257 quy định những yêu cầu kỹ thuật nào đối với phần mềm ký số và phần mềm kiểm tra chữ ký số?,tra_cuu,Thông tư Public_257 quy định nội dung nào liên quan đến yêu cầu kỹ thuật của phần mềm ký số và phần mềm kiểm tra chữ ký số?
917,"Để đạt được Mục tiêu Phát triển Bền vững số 6 (SDG 6) về nước sạch và vệ sinh vào năm 2030, những yếu tố nào cần được tăng cường, và chúng đóng vai trò gì?",tra_cuu,Những yếu tố nào cần được cải thiện để đảm bảo nguồn nước và vệ sinh an toàn vào năm 2030 theo báo cáo của UN-Water 2021?
919,"Theo tài liệu, phát hiện bất thường có thể tạo ra nhiều báo động giả, còn phát hiện dựa trên chữ ký lại không phát hiện được tấn công chưa có mẫu. Nếu một tổ chức muốn giảm thiểu cả hai hạn chế này, giải pháp hợp lý nhất là gì?",tra_cuu,"Nếu một tổ chức muốn phát hiện các hành vi tấn công mới mà không tạo ra nhiều báo động giả, phương pháp nào nên được áp dụng?"
920,"Trong Git, đâu là mô tả đầy đủ và chính xác nhất về mối quan hệ giữa Branch, Merge, và Master theo văn bản?",tra_cuu,"Trong Git, nhánh nào thường được gọi là nhánh chính đại diện cho phiên bản ổn định nhất của dự án?"
921,"Theo hướng dẫn trong tài liệu, để đăng nhập tài khoản Tableau người dùng cần truy cập vào địa chỉ nào?",tra_cuu,"Để tiến hành đăng nhập vào tài khoản Tableau, người dùng cần truy cập vào liên kết nào?"
922,"Nếu một hệ thống vẫn sử dụng DES với khóa hiệu dụng 56 bit trong bối cảnh tốc độ tính toán ngày nay đã tăng nhanh, nguy cơ nào là hiện hữu nhất?",tra_cuu,"Khi sử dụng DES với khóa 56 bit trong bối cảnh công nghệ tính toán hiện đại, rủi ro nào đáng lo ngại nhất?"
923,"Nếu khách hàng không xác thực OTP trong vòng 72 giờ, trạng thái yêu cầu sẽ được hệ thống cập nhật như thế nào?",tra_cuu,"Nếu yêu cầu không được xác thực trong vòng 72 giờ, hệ thống sẽ cập nhật trạng thái yêu cầu thành gì?"
924,Hãy xác định  số lượng vùng trong hạ tầng CNTT được mô tả trong tài liệu và nêu tên một nguy cơ điển hình của vùng WAN.,tra_cuu,Hãy xác định số lượng khu vực trong hạ tầng CNTT được nêu trong văn bản và cho biết một nguy cơ điển hình của khu vực WAN.
925,Có mấy bước cài đặt Driver Nvidia sử dụng Repository chuẩn theo phương pháp cài đặt qua dòng lệnh,tra_cuu,Có mấy bước để cài đặt Driver Nvidia qua dòng lệnh sử dụng Repository chuẩn?
926,"Khi xác định phạm vi tự động hóa, cần chú ý những yếu tố nào?",tra_cuu,Những yếu tố nào cần xem xét khi xác định các luồng nghiệp vụ cho kiểm thử tự động?
927,"Theo tài liệu Public_174, trong các bước ETL, hoạt động nào chịu trách nhiệm làm sạch, chống trùng lặp và chuẩn hóa dữ liệu?",tra_cuu,"Trong quá trình ETL, bước nào đảm nhận việc xác định và loại bỏ các bản ghi trùng lặp trong dữ liệu?"
928,"Qua các phần hướng dẫn trong tài liệu, có thể rút ra nhận định tổng quan nào về quy trình sử dụng Tableau cơ bản?",tra_cuu,Những bước cơ bản nào trong quy trình sử dụng Tableau được nêu ra trong hướng dẫn?
929,"Trong các marker của ảnh JPEG, marker nào có giá trị 0xFF 0xD9 và có chức năng đánh dấu kết thúc ảnh?",tra_cuu,"Trong các marker của ảnh JPEG, marker nào có giá trị 0xFF 0xD9 và dùng để chỉ ra việc kết thúc ảnh?"
930,"Trong Phụ lục II, tiêu chí nào xác định tính toàn vẹn của thông điệp dữ liệu đã ký số?",tra_cuu,"Trong Phụ lục II, tiêu chí nào xác định sự nhất quán của thông điệp dữ liệu đã được ký?"
931,"Theo tài liệu, Tableau nhấn mạnh việc hiểu rõ kiểu dữ liệu của từng trường (Number, String, Date, Boolean, Geographic Role). Nếu một trường ngày tháng bị gán sai kiểu dữ liệu thành String, hậu quả nào dễ xảy ra nhất?",tra_cuu,Hậu quả nào có thể xảy ra nếu một trường được định nghĩa sai loại dữ liệu trong Tableau?
932,"Theo tài liệu, mô hình “Phòng vệ theo chiều sâu” (Defence in Depth) cho thấy nguyên tắc quan trọng nào khi thiết kế hệ thống an toàn thông tin?",tra_cuu,"Theo mô hình ""Phòng vệ theo chiều sâu"", điều gì là cần thiết để đảm bảo an toàn cho hệ thống thông tin?"
933,"Qua phân tích trong tài liệu, có thể rút ra nhận định tổng quan nào về đặc điểm của các lỗ hổng bảo mật?",tra_cuu,"Qua phân tích thông tin trong tài liệu, chúng ta có thể xác định tỷ lệ phần trăm của các lỗ hổng bảo mật ở mức độ nghiêm trọng cao là bao nhiêu?"
934,"Theo mô hình PGP đảm bảo cả tính bí mật và xác thực, nếu bên gửi không ký thông điệp trước khi mã hóa, hệ quả nào có thể xảy ra?",tra_cuu,"Nếu bên gửi không thực hiện việc ký trước khi mã hóa trong mô hình PGP, điều gì có thể xảy ra đối với tính toàn vẹn của thông điệp?"
935,Các bước cơ bản trong quy trình phân tích rủi ro an toàn mạng?,tra_cuu,Các bước trong quy trình phân tích rủi ro an ninh thông tin là gì?
937,"Hãy xác định kỹ thuật tấn công DoS phổ biến thường được đề cập trong tài liệu, và  biện pháp phòng chống cơ bản cho tấn công SYN Flood.",tra_cuu,Xác định loại tấn công từ chối dịch vụ (DoS) sử dụng giao thức ICMP để làm ngập lụt mạng của nạn nhân và mô tả ngắn gọn cách thức hoạt động của nó.
938,Các tính năng chính của Oracle Database là gì?,tra_cuu,Các đặc điểm nổi bật của Oracle Database là gì?
939,"Hãy xác định (i) một số luật tội phạm máy tính ở Mỹ, và (ii) một số luật về sự riêng tư cũng tại Mỹ được nêu trong tài liệu.",tra_cuu,"Hãy xác định (i) một số đạo luật liên quan đến tội phạm máy tính tại Mỹ, và (ii) một số đạo luật bảo vệ quyền riêng tư cũng ở Mỹ được liệt kê trong tài liệu."
940,"Giá trị ""50 4E 47"" trong ảnh  PNG có mục đích gì",tra_cuu,"Giá trị ""50 4E 47"" trong định dạng PNG biểu thị điều gì?"
941,"Trong case notification-service, nếu chỉ có một relay publisher chung cho tất cả channel (sms, email, voice call) thay vì tách riêng, rủi ro lớn nhất là gì?",tra_cuu,"Trong trường hợp thêm một kênh mới vào notification-service, lợi ích lớn nhất của việc tách riêng các service là gì?"
942,Nội dung cốt lõi của tài liệu Public_199 có tiêu đề “Máy tính lượng tử” là gì?,tra_cuu,Tài liệu Public_199 đề cập đến những vấn đề gì liên quan đến máy tính lượng tử?
943,Khi mô tả hệ thống bằng ngôn ngữ tự nhiên thì ta cần thực hiện bao nhiêu bước,tra_cuu,"Khi mô tả một hệ thống bằng ngôn ngữ tự nhiên, có tổng cộng bao nhiêu bước cần thực hiện?"
944,"Qua các nội dung được trình bày, có thể rút ra nhận định tổng quan nào về vai trò của tường lửa và IDS/IPS trong bảo mật hệ thống?",tra_cuu,"Dựa vào các thông tin đã trình bày, nhận định nào là chính xác về vai trò của IDS và IPS trong việc bảo vệ hệ thống thông tin?"
945,"Theo tài liệu Public_163, phiên bản chính thức mới nhất của SSL và TSL được phát hành vào những năm nào?",tra_cuu,Những năm nào TLS 1.0 và TLS 1.1 được phát hành?
946,"Theo tài liệu Public_178, dự án được xem là thành công và thất bại dựa trên những tiêu chí nào?",tra_cuu,"Theo tài liệu Public_178, những tiêu chí nào xác định một dự án là thành công hoặc không thành công?"
947,Bước đầu tiên của quá trình khởi tạo phiên làm việc giữa SSL Client và SSL Server là gì,tra_cuu,Bước đầu tiên trong quá trình khởi tạo phiên làm việc giữa SSL Client và SSL Server là hành động nào?
948,RPA (Robotic Process Automation) khác với AI ở điểm nào?,tra_cuu,RPA và trí tuệ nhân tạo khác nhau ở điểm nào chính yếu?
949,Tóm tắt các bước cài đặt thủ công driver chính thức từ Nvidia.com cho card đồ họa trên hệ điều hành Windows.,tra_cuu,Tóm tắt các bước cần thực hiện sau khi tải driver chính thức từ Nvidia để cài đặt trên hệ điều hành Windows.
950,"Trong các công ty kiểm toán Big4, công nghệ AI tiêu biểu nào đã được áp dụng, và lợi ích thực tế mà nó mang lại là gì?",tra_cuu,"Trong các công ty kiểm toán Big4, công nghệ trí tuệ nhân tạo nào đã được Deloitte phát triển để hỗ trợ kiểm toán viên và mang lại lợi ích gì?"
951,Tóm tắt cách MongoDB lưu trữ dữ liệu,tra_cuu,MongoDB tổ chức và lưu trữ thông tin dưới dạng gì?
952,Độ dài khóa tối thiểu của thuật toán RSA theo quy định là bao nhiêu bit?,tra_cuu,Độ dài khóa tối thiểu của thuật toán RSA theo tiêu chuẩn TCVN 7635:2007 là bao nhiêu bit?
953,"Theo tài liệu Public_199, đâu là thách thức và cơ hội lớn nhất của Mô hình Ngôn ngữ Lớn (MTLT) lần lượt?",tra_cuu,"Theo tài liệu Public_199, những thách thức chính và cơ hội tiềm năng lớn của Mô hình Ngôn ngữ Lớn (MTLT) là gì?"
954,"Theo tài liệu Public_254, giấu tin trong ảnh được định nghĩa như thế nào?",tra_cuu,Giấu tin trong ảnh được thực hiện nhằm mục đích gì?
956,Thực thể nào không tham gia mô hình tương tác giữa các thực thể tham gia thực hiện SET,tra_cuu,Thực thể nào không có trong mô hình tương tác của giao thức SET?
958,"Qua mô tả trong tài liệu, có thể rút ra nhận định tổng quan nào về vai trò của IDS/IPS trong an toàn mạng?",tra_cuu,"Theo mô tả trong tài liệu, nhiệm vụ chính nào của hệ thống IDS/IPS là gì?"
959,"Dựa trên nội dung của tài liệu Public_170, nhận định tổng quan nào có thể được rút ra về quy trình sử dụng Tableau cơ bản hiệu quả?",tra_cuu,"Dựa trên nội dung của đoạn văn, các bước nào là cần thiết trong quy trình sử dụng Tableau để tạo ra một cái nhìn tổng quan dữ liệu?"
960,Sâu Nimda có điểm đặc biệt gì trong phương thức lây lan?,tra_cuu,Sâu Nimda có khả năng lây lan qua những hình thức nào?
961,"Qua toàn bộ các phần trình bày trong tài liệu, có thể rút ra nhận định tổng quan nào về các giao thức SSL/TLS, SET và PGP?",tra_cuu,"Từ đoạn văn, có bao nhiêu giao thức con trong bộ SSL/TLS và chức năng chính của giao thức SSL Handshake Protocol là gì?"
962,"Nếu phải tóm tắt toàn bộ nội dung tài liệu “Sử dụng công cụ AI thiết kế học liệu điện tử” trong một câu, ý nào phản ánh đúng nhất?",tra_cuu,Tại sao việc ứng dụng trí tuệ nhân tạo trong thiết kế học liệu điện tử lại được xem là một hướng đi tiềm năng trong giáo dục kỹ năng sống?
963,"Trong Git, hành động nào bắt buộc phải thực hiện trước Commit để thay đổi có thể được lưu trữ vào lịch sử dự án?",tra_cuu,"Trong Git, lệnh nào được sử dụng để lưu lại các thay đổi đã được phê duyệt vào lịch sử dự án?"
964,"Nếu một giảng đường bị sự cố hỏng thiết bị, ai có trách nhiệm xử lý báo cáo này trong hệ thống?",tra_cuu,"Nếu có sự cố liên quan đến giảng đường, ai sẽ đảm nhiệm việc xử lý báo cáo trong hệ thống?"
965,"Trong layer ứng dụng mà MongoDB hoạt động, Front end và Back end là gì?",tra_cuu,"Trong layer ứng dụng của MongoDB, hai phần chính là gì?"
967,"Nếu DoS kéo dài mà không phòng chống, nó có thể gây ra những hậu quả cụ thể nào?",tra_cuu,"Nếu không có biện pháp phòng ngừa, những hậu quả nào có thể xảy ra từ cuộc tấn công từ chối dịch vụ?"
968,Hãy xác định ba tác giả của giải thuật RSA và năm phát minh RSA.,tra_cuu,Ai là ba nhà khoa học phát minh ra giải thuật mã hóa RSA và vào năm nào?
969,"Theo văn bản, Flutter có những ưu điểm gì khi so sánh với các framework khác, và đồng thời nó còn tồn tại những hạn chế nào?",tra_cuu,"Theo đoạn văn, Flutter có những lợi ích gì nổi bật và những điểm yếu nào cần lưu ý?"
970,Nút “Kết xuất excel” trong màn hình Quản lý KH CusID có quy tắc hoạt động ra sao?,tra_cuu,"Nút ""Kết xuất excel"" trong màn hình Quản lý KH CusID hoạt động như thế nào khi không có dữ liệu tìm kiếm?"
971,Khái niệm “tấn công” trong an toàn thông tin được hiểu là gì?,tra_cuu,"Khái niệm ""tấn công thụ động"" trong lĩnh vực an toàn thông tin được hiểu là gì?"
972,"Theo tài liệu Public_163, phiên bản TLS nào được sử dụng rộng rãi nhất?",tra_cuu,Phiên bản TLS nào được ưa chuộng nhất hiện nay?
973,Nêu một thành phần thuộc Storage Engine hoặc Query Processor trong Database Engine.,tra_cuu,Nêu một thành phần trong Storage Engine hoặc Query Processor của MS SQL Server.
974,Transactional outbox pattern giải quyết triệt để vấn đề nào liên quan đến việc đảm bảo tính nguyên tử (atomicity) giữa cập nhật cơ sở dữ liệu cục bộ và gửi thông báo/sự kiện trong giao dịch phân tán?,tra_cuu,Transactional outbox pattern giúp đảm bảo tính **atomic** và **consistent** trong việc nào khi sử dụng local transaction?
975,Ưu điểm nổi bật của GraphQL so với REST trong việc lấy dữ liệu từ server là gì?,tra_cuu,Ưu điểm chính của GraphQL trong việc yêu cầu dữ liệu từ server so với các phương thức truyền thống là gì?
977,Những yếu tố nào thường gây ảnh hưởng đến hiệu năng của hệ thống?,tra_cuu,Những yếu tố nào có thể dẫn đến sự cố hoặc giảm hiệu suất của hệ thống?
978,"Trong tài liệu Public_197, đâu là một lợi ích của AI đối với học sinh và một thách thức của AI đối với nhà trường?",tra_cuu,"Trong đoạn văn trên, một trong những lợi ích của công nghệ AI đối với học sinh là gì và một thách thức của công nghệ này đối với nền giáo dục là gì?"
979,"Theo chu trình Plan-Do-Check-Act của ISO/IEC 27001:2005, nếu một tổ chức đã thực hiện các bước đánh giá rủi ro, lựa chọn biện pháp kiểm soát và thực thi kế hoạch xử lý rủi ro, thì bước tiếp theo hợp lý nhất là gì?",tra_cuu,"Theo chu trình Plan-Do-Check-Act của ISO/IEC 27001:2005, sau khi tổ chức đã thực hiện kế hoạch xử lý rủi ro, bước tiếp theo hợp lý nhất là gì?"
980,Tài liệu `Public_200` mô tả chi tiết gì về phương pháp Deloitte đã sử dụng để xây dựng và quản lý một cơ sở dữ liệu rủi ro lớn như một cơ sở dữ liệu chứa 10.000 trường hợp rủi ro?,tra_cuu,Tài liệu `Public_200` đã nêu ra các bước nào trong quy trình phân tích chi tiết về các mối đe dọa an toàn thông tin?
981,Logic mờ (Fuzzy logic) được áp dụng trong kiểm toán nhằm mục đích chính nào?,tra_cuu,Logic mờ trong kiểm toán chủ yếu được sử dụng để làm gì?
982,Broker trong Kafka có vai trò gì?,tra_cuu,Máy chủ nào trong Kafka đóng vai trò kết nối giữa các ứng dụng tạo dữ liệu và các ứng dụng đọc dữ liệu?
985,Khái quát các trường hợp sử dụng của MongoDB,tra_cuu,Các ứng dụng nào dưới đây được hỗ trợ bởi MongoDB?
988,"Theo thống kê trong tài liệu `Public_153`, lỗ hổng nghiêm trọng cao chiếm 35%, trung bình 55% và thấp 10%. Dựa trên tài liệu này, nếu một tổ chức bỏ qua việc khắc phục các lỗ hổng trung bình, điều này tiềm ẩn nguy cơ gì?",tra_cuu,"Theo thống kê trong tài liệu, tỷ lệ các lỗ hổng bảo mật có mức độ nghiêm trọng cao là bao nhiêu phần trăm?"
989,"Theo tài liệu Public_174, Hồ dữ liệu (Data Lake) cho phép lưu trữ dữ liệu có cấu trúc và không có cấu trúc, và nó hỗ trợ những phương pháp phân tích nào?",tra_cuu,Hồ dữ liệu hỗ trợ những loại phân tích nào trên dữ liệu lưu trữ?
990,Tóm tắt Kubectl trên Windows,tra_cuu,Cách nào để xác thực tệp nhị phân kubectl sau khi tải xuống trên Windows?
991,"GraphQL cung cấp khái niệm query để mô tả yêu cầu dữ liệu và schema để định nghĩa cấu trúc API, vậy mỗi thành phần này có vai trò chính là gì?",tra_cuu,GraphQL sử dụng khái niệm nào để mô tả cách thức lấy dữ liệu từ client và thành phần nào để định nghĩa kiểu dữ liệu của API?
